index,street,city,zip,state,beds,baths,sq__ft,type,sale_date,price,latitude,longitude,train
0,3526 HIGH ST,SACRAMENTO,95838,CA,2,1,836,Residential,2008-05-21,59222,38.631913,-121.434879,True
1,51 OMAHA CT,SACRAMENTO,95823,CA,3,1,1167,Residential,2008-05-21,68212,38.478902,-121.431028,True
3,2805 JANETTE WAY,SACRAMENTO,95815,CA,2,1,852,Residential,2008-05-21,69307,38.616835,-121.439146,True
4,6001 MCMAHON DR,SACRAMENTO,95824,CA,2,1,797,Residential,2008-05-21,81900,38.51947,-121.435768,True
5,5828 PEPPERMILL CT,SACRAMENTO,95841,CA,3,1,1122,Condo,2008-05-21,89921,38.662595,-121.327813,True
6,6048 OGDEN NASH WAY,SACRAMENTO,95842,CA,3,2,1104,Residential,2008-05-21,90895,38.681659,-121.351705,True
7,2561 19TH AVE,SACRAMENTO,95820,CA,3,1,1177,Residential,2008-05-21,91002,38.535092,-121.481367,True
11,4085 FAWN CIR,SACRAMENTO,95823,CA,3,2,1289,Residential,2008-05-21,106250,38.470746,-121.458918,True
12,2930 LA ROSA RD,SACRAMENTO,95815,CA,1,1,871,Residential,2008-05-21,106852,38.618698,-121.435833,True
13,2113 KIRK WAY,SACRAMENTO,95822,CA,3,1,1020,Residential,2008-05-21,107502,38.482215,-121.492603,True
14,4533 LOCH HAVEN WAY,SACRAMENTO,95842,CA,2,2,1022,Residential,2008-05-21,108750,38.672914,-121.35934,True
15,7340 HAMDEN PL,SACRAMENTO,95842,CA,2,2,1134,Condo,2008-05-21,110700,38.700051,-121.351278,True
16,6715 6TH ST,RIO LINDA,95673,CA,2,1,844,Residential,2008-05-21,113263,38.689591,-121.452239,True
17,6236 LONGFORD DR Unit 1,CITRUS HEIGHTS,95621,CA,2,1,795,Condo,2008-05-21,116250,38.679776,-121.314089,True
19,113 LEEWILL AVE,RIO LINDA,95673,CA,3,2,1356,Residential,2008-05-21,121630,38.689999,-121.46322,True
20,6118 STONEHAND AVE,CITRUS HEIGHTS,95621,CA,3,2,1118,Residential,2008-05-21,122000,38.707851,-121.320707,True
21,4882 BANDALIN WAY,SACRAMENTO,95823,CA,4,2,1329,Residential,2008-05-21,122682,38.468173,-121.444071,True
22,7511 OAKVALE CT,NORTH HIGHLANDS,95660,CA,4,2,1240,Residential,2008-05-21,123000,38.702792,-121.38221,True
23,9 PASTURE CT,SACRAMENTO,95834,CA,3,2,1601,Residential,2008-05-21,124100,38.628631,-121.488097,True
24,3729 BAINBRIDGE DR,NORTH HIGHLANDS,95660,CA,3,2,901,Residential,2008-05-21,125000,38.701499,-121.37622,True
28,9861 CULP WAY,SACRAMENTO,95827,CA,4,2,1380,Residential,2008-05-21,131200,38.558423,-121.327948,True
29,7825 CREEK VALLEY CIR,SACRAMENTO,95828,CA,3,2,1248,Residential,2008-05-21,132000,38.472122,-121.404199,True
31,6768 MEDORA DR,NORTH HIGHLANDS,95660,CA,3,2,1152,Residential,2008-05-21,134555,38.691161,-121.37192,True
32,3100 EXPLORER DR,SACRAMENTO,95827,CA,3,2,1380,Residential,2008-05-21,136500,38.566663,-121.332644,True
33,7944 DOMINION WAY,ELVERTA,95626,CA,3,2,1116,Residential,2008-05-21,138750,38.713182,-121.411227,True
35,3920 SHINING STAR DR,SACRAMENTO,95823,CA,3,2,1418,Residential,2008-05-21,146250,38.48742,-121.462459,True
36,5031 CORVAIR ST,NORTH HIGHLANDS,95660,CA,3,2,1082,Residential,2008-05-21,147308,38.658246,-121.375469,True
37,7661 NIXOS WAY,SACRAMENTO,95823,CA,4,2,1472,Residential,2008-05-21,148750,38.479553,-121.463317,True
38,7044 CARTHY WAY,SACRAMENTO,95828,CA,4,2,1146,Residential,2008-05-21,149593,38.49857,-121.420925,True
40,4800 WESTLAKE PKWY Unit 2109,SACRAMENTO,95835,CA,2,2,1304,Condo,2008-05-21,152000,38.658812,-121.542345,True
41,2178 63RD AVE,SACRAMENTO,95822,CA,3,2,1207,Residential,2008-05-21,154000,38.493955,-121.48966,True
43,5708 RIDGEPOINT DR,ANTELOPE,95843,CA,2,2,1043,Residential,2008-05-21,161250,38.72027,-121.331555,True
46,8421 SUNBLAZE WAY,SACRAMENTO,95823,CA,4,2,1580,Residential,2008-05-21,165000,38.450543,-121.432538,True
47,7420 ALIX PKWY,SACRAMENTO,95823,CA,4,1,1955,Residential,2008-05-21,166357,38.489405,-121.452811,True
48,3820 NATOMA WAY,SACRAMENTO,95838,CA,4,2,1656,Residential,2008-05-21,166357,38.636748,-121.422159,True
49,4431 GREEN TREE DR,SACRAMENTO,95823,CA,3,2,1477,Residential,2008-05-21,168000,38.499954,-121.454469,True
50,9417 SARA ST,ELK GROVE,95624,CA,3,2,1188,Residential,2008-05-21,170000,38.415518,-121.370527,True
51,8299 HALBRITE WAY,SACRAMENTO,95828,CA,4,2,1590,Residential,2008-05-21,173000,38.473814,-121.4,True
52,7223 KALLIE KAY LN,SACRAMENTO,95823,CA,3,2,1463,Residential,2008-05-21,174250,38.477553,-121.419463,True
53,8156 STEINBECK WAY,SACRAMENTO,95828,CA,4,2,1714,Residential,2008-05-21,174313,38.474853,-121.406326,True
57,9012 KIEFER BLVD,SACRAMENTO,95826,CA,3,2,1172,Residential,2008-05-21,181000,38.547011,-121.366217,True
60,4844 CLYDEBANK WAY,ANTELOPE,95843,CA,3,2,1215,Residential,2008-05-21,182716,38.714609,-121.347887,True
61,306 CAMELLIA WAY,GALT,95632,CA,3,2,1130,Residential,2008-05-21,182750,38.260443,-121.297864,True
62,9021 MADISON AVE,ORANGEVALE,95662,CA,4,2,1603,Residential,2008-05-21,183200,38.664186,-121.217511,True
63,404 6TH ST,GALT,95632,CA,3,1,1479,Residential,2008-05-21,188741,38.251808,-121.302493,True
65,2617 BASS CT,SACRAMENTO,95826,CA,3,2,1280,Residential,2008-05-21,192067,38.560767,-121.377471,True
66,7005 TIANT WAY,ELK GROVE,95758,CA,3,2,1586,Residential,2008-05-21,194000,38.422811,-121.423285,True
71,120 GRANT LN,FOLSOM,95630,CA,3,2,1820,Residential,2008-05-21,200000,38.687742,-121.17104,True
73,17 SERASPI CT,SACRAMENTO,95834,CA,0,0,0,Residential,2008-05-21,206000,38.631481,-121.50188,True
74,170 PENHOW CIR,SACRAMENTO,95834,CA,3,2,1511,Residential,2008-05-21,208000,38.653439,-121.535169,True
75,8345 STAR THISTLE WAY,SACRAMENTO,95823,CA,4,2,1590,Residential,2008-05-21,212864,38.454349,-121.439239,True
76,9080 FRESCA WAY,ELK GROVE,95758,CA,4,2,1596,Residential,2008-05-21,221000,38.427818,-121.424026,True
78,8373 BLACKMAN WAY,ELK GROVE,95624,CA,5,3,2136,Residential,2008-05-21,223058,38.435436,-121.394536,True
79,9837 CORTE DORADO CT,ELK GROVE,95624,CA,4,2,1616,Residential,2008-05-21,227887,38.400676,-121.38101,True
80,5037 J PKWY,SACRAMENTO,95823,CA,3,2,1478,Residential,2008-05-21,231477,38.491399,-121.443547,True
81,10245 LOS PALOS DR,RANCHO CORDOVA,95670,CA,3,2,1287,Residential,2008-05-21,234697,38.593699,-121.31089,True
82,6613 NAVION DR,CITRUS HEIGHTS,95621,CA,4,2,1277,Residential,2008-05-21,235000,38.702855,-121.31308,True
83,2887 AZEVEDO DR,SACRAMENTO,95833,CA,4,2,1448,Residential,2008-05-21,236000,38.618457,-121.509439,True
84,9186 KINBRACE CT,SACRAMENTO,95829,CA,4,3,2235,Residential,2008-05-21,236685,38.463355,-121.358936,True
85,4243 MIDDLEBURY WAY,MATHER,95655,CA,3,2,2093,Residential,2008-05-21,237800,38.547991,-121.280483,True
88,7713 HARVEST WOODS DR,SACRAMENTO,95828,CA,3,2,1269,Residential,2008-05-21,244000,38.478198,-121.412911,True
89,2866 KARITSA AVE,SACRAMENTO,95833,CA,0,0,0,Residential,2008-05-21,244500,38.626671,-121.52597,True
90,6913 RICHEVE WAY,SACRAMENTO,95828,CA,3,1,958,Residential,2008-05-21,244960,38.502519,-121.420769,True
92,5448 MAIDSTONE WAY,CITRUS HEIGHTS,95621,CA,3,2,1305,Residential,2008-05-21,250000,38.665395,-121.293288,True
94,4010 ALEX LN,CARMICHAEL,95608,CA,2,2,1326,Condo,2008-05-21,250134,38.637028,-121.312963,True
95,4901 MILLNER WAY,ELK GROVE,95757,CA,3,2,1843,Residential,2008-05-21,254200,38.38692,-121.447349,True
97,5529 LAGUNA PARK DR,ELK GROVE,95758,CA,5,3,2790,Residential,2008-05-21,258000,38.42568,-121.438062,True
98,230 CANDELA CIR,SACRAMENTO,95835,CA,3,2,1541,Residential,2008-05-21,260000,38.656251,-121.547572,True
99,4900 71ST ST,SACRAMENTO,95820,CA,3,1,1018,Residential,2008-05-21,260014,38.53151,-121.421089,True
101,4236 NATOMAS CENTRAL DR,SACRAMENTO,95834,CA,3,2,1672,Condo,2008-05-21,265000,38.648879,-121.544023,True
102,5615 LUPIN LN,POLLOCK PINES,95726,CA,3,2,1380,Residential,2008-05-21,265000,38.708315,-120.603872,True
103,5625 JAMES WAY,SACRAMENTO,95822,CA,3,1,975,Residential,2008-05-21,271742,38.523947,-121.484946,True
105,6850 21ST ST,SACRAMENTO,95822,CA,3,2,1446,Residential,2008-05-21,275086,38.502194,-121.490795,True
108,2912 NORCADE CIR,SACRAMENTO,95826,CA,8,4,3612,Multi-Family,2008-05-21,282400,38.559505,-121.364839,True
112,1838 CASTRO WAY,SACRAMENTO,95818,CA,2,1,1126,Residential,2008-05-21,292024,38.556098,-121.490787,True
113,10158 CRAWFORD WAY,SACRAMENTO,95827,CA,4,4,2213,Multi-Family,2008-05-21,297000,38.5703,-121.315735,True
115,4925 PERCHERON DR,ELK GROVE,95757,CA,3,2,1843,Residential,2008-05-21,298000,38.40154,-121.447649,True
117,4727 SAVOIE WAY,SACRAMENTO,95835,CA,5,3,2800,Residential,2008-05-21,304037,38.658182,-121.549521,True
118,8664 MAGNOLIA HILL WAY,ELK GROVE,95624,CA,4,2,2309,Residential,2008-05-21,311000,38.442352,-121.389675,True
119,9570 HARVEST ROSE WAY,SACRAMENTO,95827,CA,5,3,2367,Residential,2008-05-21,315537,38.555993,-121.340352,True
120,4359 CREGAN CT,RANCHO CORDOVA,95742,CA,5,4,3516,Residential,2008-05-21,320000,38.545128,-121.224922,True
121,5337 DUSTY ROSE WAY,RANCHO CORDOVA,95742,CA,0,0,0,Residential,2008-05-21,320000,38.528575,-121.2286,True
122,8929 SUTTERS GOLD DR,SACRAMENTO,95826,CA,4,3,1914,Residential,2008-05-21,328360,38.550848,-121.370224,True
125,9723 TERRAPIN CT,ELK GROVE,95757,CA,4,3,2354,Residential,2008-05-21,335750,38.403492,-121.430224,True
130,6708 PONTA DO SOL WAY,ELK GROVE,95757,CA,4,2,3134,Residential,2008-05-21,347650,38.380635,-121.425538,True
131,4143 SEA MEADOW WAY,SACRAMENTO,95823,CA,4,3,1915,Residential,2008-05-21,351300,38.46534,-121.457519,True
132,3020 RICHARDSON CIR,EL DORADO HILLS,95762,CA,3,2,0,Residential,2008-05-21,352000,38.691299,-121.081752,True
135,11215 SHARRMONT CT,WILTON,95693,CA,3,2,2110,Residential,2008-05-21,372000,38.35062,-121.228349,True
136,7105 DANBERG WAY,ELK GROVE,95757,CA,5,3,3164,Residential,2008-05-21,375000,38.4019,-121.420388,True
137,5579 JERRY LITELL WAY,SACRAMENTO,95835,CA,5,3,3599,Residential,2008-05-21,381300,38.677126,-121.500519,True
141,6801 RAWLEY WAY,ELK GROVE,95757,CA,4,3,3440,Residential,2008-05-21,394470,38.408351,-121.423925,True
142,1693 SHELTER COVE DR,GREENWOOD,95635,CA,3,2,2846,Residential,2008-05-21,395000,38.945357,-120.908822,True
143,9361 WADDELL LN,ELK GROVE,95624,CA,4,3,2359,Residential,2008-05-21,400186,38.450829,-121.349928,True
144,10 SEA FOAM CT,SACRAMENTO,95831,CA,3,3,2052,Residential,2008-05-21,415000,38.487885,-121.545947,True
145,6945 RIO TEJO WAY,ELK GROVE,95757,CA,5,3,3433,Residential,2008-05-21,425000,38.385638,-121.422616,True
146,4186 TULIP PARK WAY,RANCHO CORDOVA,95742,CA,5,3,3615,Residential,2008-05-21,430000,38.550617,-121.23526,True
147,9278 DAIRY CT,ELK GROVE,95624,CA,0,0,0,Residential,2008-05-21,445000,38.420338,-121.363757,True
149,6507 RIO DE ONAR WAY,ELK GROVE,95757,CA,4,3,2724,Residential,2008-05-21,461000,38.38253,-121.428007,True
151,6503 RIO DE ONAR WAY,ELK GROVE,95757,CA,5,4,3508,Residential,2008-05-21,510000,38.38253,-121.428038,True
152,2217 APPALOOSA CT,FOLSOM,95630,CA,4,2,2462,Residential,2008-05-21,539000,38.655167,-121.090178,True
155,4070 REDONDO DR,EL DORADO HILLS,95762,CA,4,3,0,Residential,2008-05-21,606238,38.666807,-121.06483,True
156,4004 CRESTA WAY,SACRAMENTO,95864,CA,3,3,2325,Residential,2008-05-21,660000,38.591618,-121.370626,True
157,315 JUMEL CT,EL DORADO HILLS,95762,CA,6,5,0,Residential,2008-05-21,830000,38.669931,-121.05958,True
160,9512 EMERALD PARK DR Unit 3,ELK GROVE,95624,CA,2,1,840,Condo,2008-05-20,71000,38.40573,-121.369832,True
161,3132 CLAY ST,SACRAMENTO,95815,CA,2,1,800,Residential,2008-05-20,78000,38.624678,-121.439203,True
162,5221 38TH AVE,SACRAMENTO,95824,CA,2,1,746,Residential,2008-05-20,78400,38.518044,-121.443555,True
163,6112 HERMOSA ST,SACRAMENTO,95822,CA,3,1,1067,Residential,2008-05-20,80000,38.515125,-121.480416,True
164,483 ARCADE BLVD,SACRAMENTO,95815,CA,4,2,1316,Residential,2008-05-20,89000,38.623571,-121.454884,True
166,5980 79TH ST,SACRAMENTO,95824,CA,2,1,868,Residential,2008-05-20,90000,38.518373,-121.411779,True
167,7607 ELDER CREEK RD,SACRAMENTO,95824,CA,3,1,924,Residential,2008-05-20,92000,38.51055,-121.414768,True
168,5028 14TH AVE,SACRAMENTO,95820,CA,2,1,610,Residential,2008-05-20,93675,38.53942,-121.446894,True
172,3847 LAS PASAS WAY,SACRAMENTO,95864,CA,3,1,1643,Residential,2008-05-20,99000,38.588672,-121.373916,True
174,1121 CREEKSIDE WAY,GALT,95632,CA,3,1,1080,Residential,2008-05-20,106716,38.241514,-121.312199,True
175,5307 CABRILLO WAY,SACRAMENTO,95820,CA,3,1,1039,Residential,2008-05-20,111000,38.52712,-121.435348,True
176,3725 DON JULIO BLVD,NORTH HIGHLANDS,95660,CA,3,1,1051,Residential,2008-05-20,111000,38.67895,-121.379406,True
177,4803 MCCLOUD DR,SACRAMENTO,95842,CA,2,2,967,Residential,2008-05-20,114800,38.682279,-121.352817,True
178,10542 SILVERWOOD WAY,RANCHO CORDOVA,95670,CA,3,1,1098,Residential,2008-05-20,120108,38.587156,-121.295778,True
179,6318 39TH AVE,SACRAMENTO,95824,CA,3,1,1050,Residential,2008-05-20,123225,38.518942,-121.430158,True
180,211 MCDANIEL CIR,SACRAMENTO,95838,CA,3,2,1110,Residential,2008-05-20,123750,38.636565,-121.460383,True
182,6139 HERMOSA ST,SACRAMENTO,95822,CA,3,2,1120,Residential,2008-05-20,125000,38.514665,-121.480411,True
183,2505 RHINE WAY,ELVERTA,95626,CA,3,2,1080,Residential,2008-05-20,126000,38.717976,-121.407684,True
184,3692 PAYNE WAY,NORTH HIGHLANDS,95660,CA,3,1,957,Residential,2008-05-20,129000,38.66654,-121.378298,True
185,604 MORRISON AVE,SACRAMENTO,95838,CA,2,1,952,Residential,2008-05-20,134000,38.637678,-121.452476,True
186,648 SANTA ANA AVE,SACRAMENTO,95838,CA,3,2,1211,Residential,2008-05-20,135000,38.658478,-121.450409,True
187,14 ASHLEY OAKS CT,SACRAMENTO,95815,CA,3,2,1264,Residential,2008-05-20,135500,38.61779,-121.436765,True
189,840 TRANQUIL LN,GALT,95632,CA,3,2,1266,Residential,2008-05-20,140000,38.270617,-121.299205,True
190,5333 PRIMROSE DR Unit 19A,FAIR OAKS,95628,CA,2,2,994,Condo,2008-05-20,142500,38.662785,-121.276272,True
192,5201 LAGUNA OAKS DR Unit 126,ELK GROVE,95758,CA,0,0,0,Condo,2008-05-20,145000,38.423251,-121.444489,True
194,8001 HARTWICK WAY,SACRAMENTO,95828,CA,4,2,1448,Residential,2008-05-20,145000,38.488623,-121.410582,True
197,7458 WINKLEY WAY,SACRAMENTO,95822,CA,3,1,1320,Residential,2008-05-20,148500,38.487444,-121.491366,True
199,8116 COTTONMILL CIR,SACRAMENTO,95828,CA,3,2,1364,Residential,2008-05-20,150000,38.482876,-121.405912,True
200,4660 CEDARWOOD WAY,SACRAMENTO,95823,CA,4,2,1310,Residential,2008-05-20,150000,38.484834,-121.449316,True
202,6716 TAREYTON WAY,CITRUS HEIGHTS,95621,CA,3,2,1104,Residential,2008-05-20,156000,38.693724,-121.307169,True
203,2028 ROBERT WAY,SACRAMENTO,95825,CA,2,1,810,Residential,2008-05-20,156000,38.609982,-121.419263,True
204,9346 AIZENBERG CIR,ELK GROVE,95624,CA,2,2,1123,Residential,2008-05-20,156000,38.41875,-121.370019,True
205,4524 LOCH HAVEN WAY,SACRAMENTO,95842,CA,2,1,904,Residential,2008-05-20,157788,38.67273,-121.359645,True
206,7140 BLUE SPRINGS WAY,CITRUS HEIGHTS,95621,CA,3,2,1156,Residential,2008-05-20,161653,38.720653,-121.302241,True
207,4631 11TH AVE,SACRAMENTO,95820,CA,2,1,1321,Residential,2008-05-20,161829,38.541965,-121.452132,True
209,8515 DARTFORD DR,SACRAMENTO,95823,CA,3,2,1439,Residential,2008-05-20,168000,38.448288,-121.420719,True
210,4500 TIPPWOOD WAY,SACRAMENTO,95842,CA,3,2,1159,Residential,2008-05-20,169000,38.69951,-121.359989,True
211,2460 EL ROCCO WAY,RANCHO CORDOVA,95670,CA,3,2,1671,Residential,2008-05-20,175000,38.591477,-121.31534,True
212,8244 SUNBIRD WAY,SACRAMENTO,95823,CA,3,2,1740,Residential,2008-05-20,176250,38.457654,-121.431381,True
214,7863 CRESTLEIGH CT,ANTELOPE,95843,CA,2,2,1007,Residential,2008-05-20,180000,38.710889,-121.358876,True
215,7129 SPRINGMONT DR,ELK GROVE,95758,CA,3,2,1716,Residential,2008-05-20,180400,38.417649,-121.420294,True
217,2219 EL CANTO CIR,RANCHO CORDOVA,95670,CA,4,2,1829,Residential,2008-05-20,184500,38.592383,-121.318669,True
218,8907 GEMWOOD WAY,ELK GROVE,95758,CA,3,2,1555,Residential,2008-05-20,185000,38.435471,-121.441173,True
219,5925 MALEVILLE AVE,CARMICHAEL,95608,CA,4,2,1120,Residential,2008-05-20,189000,38.666564,-121.325717,True
220,7031 CANEVALLEY CIR,CITRUS HEIGHTS,95621,CA,3,2,1137,Residential,2008-05-20,194000,38.718693,-121.303619,True
222,4437 MITCHUM CT,ANTELOPE,95843,CA,3,2,1393,Residential,2008-05-20,200000,38.704407,-121.36113,True
223,2778 KAWEAH CT,CAMERON PARK,95682,CA,3,1,0,Residential,2008-05-20,201000,38.694052,-120.995589,True
224,1636 ALLENWOOD CIR,LINCOLN,95648,CA,4,2,0,Residential,2008-05-20,202500,38.879192,-121.309477,True
225,8151 QUAIL RIDGE CT,SACRAMENTO,95828,CA,3,2,1289,Residential,2008-05-20,205000,38.461296,-121.390858,True
226,4899 WIND CREEK DR,SACRAMENTO,95838,CA,4,2,1799,Residential,2008-05-20,205000,38.655887,-121.446119,True
228,6049 HAMBURG WAY,SACRAMENTO,95823,CA,4,3,1953,Residential,2008-05-20,205000,38.443253,-121.431992,True
230,3361 BOW MAR CT,CAMERON PARK,95682,CA,2,2,0,Residential,2008-05-20,210000,38.69437,-120.996602,True
231,1889 COLD SPRINGS RD,PLACERVILLE,95667,CA,2,1,948,Residential,2008-05-20,211500,38.739774,-120.860243,True
233,7944 SYLVAN OAK WAY,CITRUS HEIGHTS,95610,CA,3,2,1317,Residential,2008-05-20,215000,38.710388,-121.261096,True
235,6217 LEOLA WAY,SACRAMENTO,95824,CA,3,1,1360,Residential,2008-05-20,222381,38.513066,-121.451909,True
236,2340 HURLEY WAY,SACRAMENTO,95825,CA,0,0,0,Condo,2008-05-20,225000,38.588816,-121.408549,True
237,3035 BRUNNET LN,SACRAMENTO,95833,CA,3,2,1522,Residential,2008-05-20,225000,38.624762,-121.522775,True
239,9387 GRANITE FALLS CT,ELK GROVE,95624,CA,3,2,1465,Residential,2008-05-20,225000,38.419214,-121.348533,True
240,9257 CALDERA WAY,SACRAMENTO,95826,CA,4,2,1605,Residential,2008-05-20,228000,38.55821,-121.355022,True
241,441 ARLINGDALE CIR,RIO LINDA,95673,CA,4,2,1475,Residential,2008-05-20,229665,38.702893,-121.454949,True
242,2284 LOS ROBLES RD,MEADOW VISTA,95722,CA,3,1,1216,Residential,2008-05-20,230000,39.008159,-121.03623,True
244,4620 CHAMBERLIN CIR,ELK GROVE,95757,CA,3,2,1567,Residential,2008-05-20,230000,38.390557,-121.449805,True
247,2125 22ND AVE,SACRAMENTO,95822,CA,3,1,1291,Residential,2008-05-20,236250,38.534596,-121.493121,True
249,8830 ADUR RD,ELK GROVE,95624,CA,0,0,0,Residential,2008-05-20,242000,38.43742,-121.372876,True
250,7344 BUTTERBALL WAY,SACRAMENTO,95842,CA,3,2,1503,Residential,2008-05-20,245000,38.699489,-121.361828,True
251,8219 GWINHURST CIR,SACRAMENTO,95828,CA,4,3,2491,Residential,2008-05-20,245000,38.459711,-121.384283,True
252,3240 S ST,SACRAMENTO,95816,CA,2,1,1269,Residential,2008-05-20,245000,38.562296,-121.467489,True
253,221 PICASSO CIR,SACRAMENTO,95835,CA,0,0,0,Residential,2008-05-20,250000,38.676658,-121.528128,True
254,5706 GREENACRES WAY,ORANGEVALE,95662,CA,3,2,1176,Residential,2008-05-20,250000,38.669882,-121.213533,True
255,6900 LONICERA DR,ORANGEVALE,95662,CA,4,2,1456,Residential,2008-05-20,250000,38.692199,-121.250975,True
256,419 DAWNRIDGE RD,ROSEVILLE,95678,CA,3,2,1498,Residential,2008-05-20,250000,38.725283,-121.297953,True
258,6344 BONHAM CIR,CITRUS HEIGHTS,95610,CA,5,4,2085,Multi-Family,2008-05-20,256054,38.682358,-121.272876,True
260,7922 MANSELL WAY,ELK GROVE,95758,CA,4,2,1595,Residential,2008-05-20,260000,38.409634,-121.410787,True
263,1570 GLIDDEN AVE,SACRAMENTO,95822,CA,4,2,1253,Residential,2008-05-20,264469,38.482704,-121.500433,True
264,8108 FILIFERA WAY,ANTELOPE,95843,CA,4,3,1768,Residential,2008-05-20,265000,38.717042,-121.35468,True
265,230 BANKSIDE WAY,SACRAMENTO,95835,CA,0,0,0,Residential,2008-05-20,270000,38.676937,-121.529244,True
266,5342 CALABRIA WAY,SACRAMENTO,95835,CA,4,3,2030,Residential,2008-05-20,270000,38.671807,-121.498274,True
267,47 NAPONEE CT,SACRAMENTO,95835,CA,3,2,1531,Residential,2008-05-20,270000,38.665704,-121.529096,True
268,4236 ADRIATIC SEA WAY,SACRAMENTO,95834,CA,0,0,0,Residential,2008-05-20,270000,38.647961,-121.543162,True
269,8864 REMBRANT CT,ELK GROVE,95624,CA,4,3,1653,Residential,2008-05-20,275000,38.435288,-121.375703,True
274,1416 LOCKHART WAY,ROSEVILLE,95747,CA,3,2,1440,Residential,2008-05-20,292000,38.752399,-121.330328,True
275,5413 BUENA VENTURA WAY,FAIR OAKS,95628,CA,3,2,1527,Residential,2008-05-20,293993,38.664552,-121.255937,True
277,405 MARLIN SPIKE WAY,SACRAMENTO,95838,CA,3,2,1411,Residential,2008-05-20,296769,38.65783,-121.456842,True
278,1102 CHESLEY LN,LINCOLN,95648,CA,4,4,0,Residential,2008-05-20,297500,38.864864,-121.313988,True
280,7320 6TH ST,RIO LINDA,95673,CA,3,1,1284,Residential,2008-05-20,300000,38.700553,-121.452223,True
281,993 MANTON CT,GALT,95632,CA,4,3,2307,Residential,2008-05-20,300000,38.272942,-121.289148,True
282,4487 PANORAMA DR,PLACERVILLE,95667,CA,3,2,1329,Residential,2008-05-20,300000,38.694559,-120.848157,True
283,5651 OVERLEAF WAY,SACRAMENTO,95835,CA,4,2,1910,Residential,2008-05-20,300500,38.677454,-121.494791,True
286,15 VANESSA PL,SACRAMENTO,95835,CA,0,0,0,Residential,2008-05-20,312500,38.668692,-121.54549,True
287,1312 RENISON LN,LINCOLN,95648,CA,5,3,0,Residential,2008-05-20,315000,38.866409,-121.308485,True
288,8 RIVER RAFT CT,SACRAMENTO,95823,CA,4,2,2205,Residential,2008-05-20,319789,38.447353,-121.434969,True
289,2251 LAMPLIGHT LN,LINCOLN,95648,CA,2,2,1449,Residential,2008-05-20,330000,38.849924,-121.275729,True
290,106 FARHAM DR,FOLSOM,95630,CA,3,2,1258,Residential,2008-05-20,330000,38.667834,-121.168578,True
291,5405 NECTAR CIR,ELK GROVE,95757,CA,3,2,2575,Residential,2008-05-20,331000,38.387014,-121.440967,True
293,3512 RAINSONG CIR,RANCHO CORDOVA,95670,CA,4,3,2208,Residential,2008-05-20,336000,38.573488,-121.282809,True
294,1106 55TH ST,SACRAMENTO,95819,CA,3,1,1108,Residential,2008-05-20,339000,38.563805,-121.436395,True
295,411 ILLSLEY WAY,FOLSOM,95630,CA,4,2,1595,Residential,2008-05-20,339000,38.652002,-121.129504,True
297,1230 SANDRA CIR,PLACERVILLE,95667,CA,4,3,2295,Residential,2008-05-20,350000,38.738141,-120.784145,True
298,318 ANACAPA DR,ROSEVILLE,95678,CA,3,2,1838,Residential,2008-05-20,356000,38.782094,-121.297133,True
299,3975 SHINING STAR DR,SACRAMENTO,95823,CA,4,2,1900,Residential,2008-05-20,361745,38.487409,-121.461413,True
300,1620 BASLER ST,SACRAMENTO,95811,CA,4,2,1718,Residential,2008-05-20,361948,38.591822,-121.478644,True
301,9688 NATURE TRAIL WAY,ELK GROVE,95757,CA,5,3,3389,Residential,2008-05-20,370000,38.405224,-121.479275,True
302,5924 TANUS CIR,ROCKLIN,95677,CA,4,2,0,Residential,2008-05-20,380000,38.778691,-121.204292,True
303,9629 CEDAR OAK WAY,ELK GROVE,95757,CA,5,4,3260,Residential,2008-05-20,385000,38.405527,-121.431746,True
304,3429 FERNBROOK CT,CAMERON PARK,95682,CA,3,2,2016,Residential,2008-05-20,399000,38.664225,-121.007173,True
306,10104 ANNIE ST,ELK GROVE,95757,CA,4,3,2724,Residential,2008-05-20,406026,38.390465,-121.443479,True
307,1092 MAUGHAM CT,GALT,95632,CA,5,4,3746,Residential,2008-05-20,420000,38.271646,-121.286848,True
308,5404 ALMOND FALLS WAY,RANCHO CORDOVA,95742,CA,0,0,0,Residential,2008-05-20,425000,38.527502,-121.233492,True
310,14 CASA VATONI PL,SACRAMENTO,95834,CA,0,0,0,Residential,2008-05-20,433500,38.650221,-121.551704,True
311,1456 EAGLESFIELD LN,LINCOLN,95648,CA,4,3,0,Residential,2008-05-20,436746,38.857635,-121.311375,True
312,4100 BOTHWELL CIR,EL DORADO HILLS,95762,CA,5,3,0,Residential,2008-05-20,438700,38.679136,-121.034329,True
313,427 21ST ST,SACRAMENTO,95811,CA,2,1,1247,Residential,2008-05-20,445000,38.582604,-121.47576,True
314,1044 GALSTON DR,FOLSOM,95630,CA,4,2,2581,Residential,2008-05-20,450000,38.676306,-121.09954,True
315,4440 SYCAMORE AVE,SACRAMENTO,95841,CA,3,1,2068,Residential,2008-05-20,460000,38.646374,-121.353658,True
316,1032 SOUZA DR,EL DORADO HILLS,95762,CA,3,2,0,Residential,2008-05-20,460000,38.668239,-121.064437,True
317,9760 LAZULITE CT,ELK GROVE,95624,CA,4,3,3992,Residential,2008-05-20,460000,38.403609,-121.335541,True
318,241 LANFRANCO CIR,SACRAMENTO,95835,CA,4,4,3397,Residential,2008-05-20,465000,38.665696,-121.549437,True
319,5559 NORTHBOROUGH DR,SACRAMENTO,95835,CA,5,3,3881,Residential,2008-05-20,471750,38.677225,-121.519687,True
321,2109 HAMLET PL,CARMICHAEL,95608,CA,2,2,1598,Residential,2008-05-20,484000,38.602754,-121.329326,True
322,9970 STATE HIGHWAY 193,PLACERVILLE,95667,CA,4,3,1929,Residential,2008-05-20,485000,38.787877,-120.816676,True
325,1740 HIGH ST,AUBURN,95603,CA,3,3,0,Residential,2008-05-20,504000,38.891935,-121.08434,True
328,7756 TIGERWOODS DR,SACRAMENTO,95829,CA,5,3,3984,Residential,2008-05-20,572500,38.47643,-121.309243,True
330,2981 WRINGER DR,ROSEVILLE,95661,CA,4,3,3838,Residential,2008-05-20,613401,38.735373,-121.227072,True
331,8616 ROCKPORTE CT,ROSEVILLE,95747,CA,4,2,0,Residential,2008-05-20,614000,38.742118,-121.359909,True
334,3935 EL MONTE DR,LOOMIS,95650,CA,4,4,1624,Residential,2008-05-20,839000,38.813337,-121.133348,True
335,5840 WALERGA RD,SACRAMENTO,95842,CA,2,1,840,Condo,2008-05-19,40000,38.673678,-121.357471,True
336,923 FULTON AVE,SACRAMENTO,95825,CA,1,1,484,Condo,2008-05-19,48000,38.582279,-121.401482,True
337,261 REDONDO AVE,SACRAMENTO,95815,CA,3,1,970,Residential,2008-05-19,61500,38.620685,-121.460539,True
339,3660 22ND AVE,SACRAMENTO,95820,CA,2,1,932,Residential,2008-05-19,65000,38.532718,-121.46747,True
340,3924 HIGH ST,SACRAMENTO,95838,CA,2,1,796,Residential,2008-05-19,65000,38.638797,-121.435049,True
341,4734 14TH AVE,SACRAMENTO,95820,CA,2,1,834,Residential,2008-05-19,68000,38.539447,-121.450858,True
342,4734 14TH AVE,SACRAMENTO,95820,CA,2,1,834,Residential,2008-05-19,68000,38.539447,-121.450858,True
344,4513 GREENHOLME DR,SACRAMENTO,95842,CA,2,1,795,Condo,2008-05-19,82732,38.669104,-121.359008,True
346,3908 17TH AVE,SACRAMENTO,95820,CA,2,1,984,Residential,2008-05-19,84675,38.53728,-121.463531,True
347,7109 CHANDLER DR,SACRAMENTO,95828,CA,3,1,1013,Residential,2008-05-19,85000,38.497237,-121.424187,True
349,9058 MONTOYA ST,SACRAMENTO,95826,CA,2,1,795,Condo,2008-05-19,90000,38.559144,-121.368387,True
350,1016 CONGRESS AVE,SACRAMENTO,95838,CA,2,2,918,Residential,2008-05-19,91000,38.630151,-121.442789,True
351,540 MORRISON AVE,SACRAMENTO,95838,CA,3,1,1082,Residential,2008-05-19,95000,38.637704,-121.453946,True
352,5303 JERRETT WAY,SACRAMENTO,95842,CA,2,1,964,Residential,2008-05-19,97500,38.663282,-121.359631,True
354,3715 TALLYHO DR Unit 78HIGH,SACRAMENTO,95826,CA,1,1,625,Condo,2008-05-19,100000,38.544627,-121.35796,True
356,2987 PONDEROSA LN,SACRAMENTO,95815,CA,4,2,1120,Residential,2008-05-19,102750,38.622243,-121.457863,True
357,3732 LANKERSHIM WAY,NORTH HIGHLANDS,95660,CA,3,1,1331,Residential,2008-05-19,112500,38.68972,-121.378399,True
358,2216 DUNLAP DR,SACRAMENTO,95821,CA,3,1,1014,Residential,2008-05-19,113000,38.623738,-121.41305,True
359,3503 21ST AVE,SACRAMENTO,95820,CA,4,2,1448,Residential,2008-05-19,114000,38.53361,-121.469308,True
360,523 EXCHANGE ST,SACRAMENTO,95838,CA,3,1,966,Residential,2008-05-19,114000,38.659414,-121.45408,True
361,8101 PORT ROYALE WAY,SACRAMENTO,95823,CA,2,1,779,Residential,2008-05-19,114750,38.463929,-121.438667,True
362,8020 WALERGA RD,ANTELOPE,95843,CA,2,2,836,Condo,2008-05-19,115000,38.71607,-121.364468,True
363,167 VALLEY OAK DR,ROSEVILLE,95678,CA,2,2,1100,Condo,2008-05-19,115000,38.732429,-121.288069,True
364,7876 BURLINGTON WAY,SACRAMENTO,95832,CA,3,1,1174,Residential,2008-05-19,116100,38.470093,-121.468347,True
367,2610 PHYLLIS AVE,SACRAMENTO,95820,CA,2,1,804,Residential,2008-05-19,120000,38.53105,-121.479574,True
368,4200 COMMERCE WAY Unit 711,SACRAMENTO,95834,CA,2,2,958,Condo,2008-05-19,120000,38.647523,-121.523217,True
370,5380 VILLAGE WOOD DR,SACRAMENTO,95823,CA,2,2,901,Residential,2008-05-19,121500,38.454949,-121.440578,True
371,2621 EVERGREEN ST,SACRAMENTO,95815,CA,3,1,696,Residential,2008-05-19,121725,38.613103,-121.444085,True
372,201 CARLO CT,GALT,95632,CA,3,2,1080,Residential,2008-05-19,122000,38.24227,-121.31032,True
373,6743 21ST ST,SACRAMENTO,95822,CA,3,2,1104,Residential,2008-05-19,123000,38.50372,-121.490657,True
375,2847 BELGRADE WAY,SACRAMENTO,95833,CA,4,2,1390,Residential,2008-05-19,125573,38.617173,-121.482541,True
376,7741 MILLDALE CIR,ELVERTA,95626,CA,4,2,1354,Residential,2008-05-19,126714,38.705834,-121.43919,True
377,9013 CASALS ST,SACRAMENTO,95826,CA,2,1,795,Condo,2008-05-19,126960,38.557045,-121.37167,True
378,227 MAHAN CT Unit 1,ROSEVILLE,95678,CA,2,1,780,Condo,2008-05-19,127000,38.749723,-121.27008,True
379,7349 FLETCHER FARM DR,SACRAMENTO,95828,CA,4,2,1587,Residential,2008-05-19,127500,38.49069,-121.382619,True
381,4114 35TH AVE,SACRAMENTO,95824,CA,2,1,1139,Residential,2008-05-19,133105,38.520941,-121.459355,True
385,2368 CRAIG AVE,SACRAMENTO,95832,CA,3,2,1300,Residential,2008-05-19,140800,38.47807,-121.48114,True
386,2123 AMANDA WAY,SACRAMENTO,95822,CA,3,2,1120,Residential,2008-05-19,145000,38.484896,-121.486948,True
387,7620 DARLA WAY,SACRAMENTO,95828,CA,4,2,1590,Residential,2008-05-19,147000,38.478502,-121.403517,True
388,8344 FIELDPOPPY CIR,SACRAMENTO,95828,CA,3,2,1407,Residential,2008-05-19,149600,38.479083,-121.400702,True
389,3624 20TH AVE,SACRAMENTO,95820,CA,5,2,1516,Residential,2008-05-19,150000,38.534508,-121.467907,True
390,10001 WOODCREEK OAKS BLVD Unit 1415,ROSEVILLE,95747,CA,2,2,0,Condo,2008-05-19,150000,38.795529,-121.328819,True
391,2848 PROVO WAY,SACRAMENTO,95822,CA,3,2,1646,Residential,2008-05-19,150000,38.489759,-121.474754,True
392,6045 EHRHARDT AVE,SACRAMENTO,95823,CA,3,2,1676,Residential,2008-05-19,155000,38.457157,-121.433065,True
393,1223 LAMBERTON CIR,SACRAMENTO,95838,CA,3,2,1370,Residential,2008-05-19,155435,38.646677,-121.437573,True
394,1223 LAMBERTON CIR,SACRAMENTO,95838,CA,3,2,1370,Residential,2008-05-19,155500,38.646677,-121.437573,True
395,6000 BIRCHGLADE WAY,CITRUS HEIGHTS,95621,CA,4,2,1351,Residential,2008-05-19,158000,38.70166,-121.323249,True
398,1675 VERNON ST Unit 8,ROSEVILLE,95678,CA,2,1,990,Residential,2008-05-19,160000,38.734136,-121.299639,True
399,6632 IBEX WOODS CT,CITRUS HEIGHTS,95621,CA,2,2,1162,Residential,2008-05-19,164000,38.720868,-121.309855,True
400,117 EVCAR WAY,RIO LINDA,95673,CA,3,2,1182,Residential,2008-05-19,164000,38.687659,-121.4633,True
402,746 MOOSE CREEK WAY,GALT,95632,CA,3,2,1100,Residential,2008-05-19,167000,38.283085,-121.302071,True
403,8306 CURLEW CT,CITRUS HEIGHTS,95621,CA,4,2,1280,Residential,2008-05-19,167293,38.715781,-121.298519,True
405,5217 ARGO WAY,SACRAMENTO,95820,CA,3,1,1039,Residential,2008-05-19,168000,38.52774,-121.433669,True
407,2956 DAVENPORT WAY,SACRAMENTO,95833,CA,4,2,1917,Residential,2008-05-19,170000,38.620687,-121.482619,True
409,332 PALIN AVE,GALT,95632,CA,3,2,1204,Residential,2008-05-19,174000,38.260467,-121.302636,True
410,4649 FREEWAY CIR,SACRAMENTO,95841,CA,3,2,1120,Residential,2008-05-19,178000,38.658734,-121.357196,True
413,8032 DUSENBERG CT,SACRAMENTO,95828,CA,4,2,1638,Residential,2008-05-19,180000,38.466499,-121.381119,True
414,7110 STELLA LN Unit 15,CARMICHAEL,95608,CA,2,2,1000,Condo,2008-05-19,182000,38.637396,-121.300055,True
415,1786 PIEDMONT WAY,ROSEVILLE,95661,CA,3,1,1152,Residential,2008-05-19,188325,38.72748,-121.256537,True
416,1347 HIDALGO CIR,ROSEVILLE,95747,CA,3,2,1154,Residential,2008-05-19,191500,38.747878,-121.311279,True
419,3801 WILDROSE WAY,SACRAMENTO,95826,CA,3,1,1356,Residential,2008-05-19,195000,38.544368,-121.369979,True
421,6128 CARL SANDBURG CIR,SACRAMENTO,95842,CA,3,1,1009,Residential,2008-05-19,198000,38.681541,-121.355616,True
422,1 KENNELFORD CIR,SACRAMENTO,95823,CA,3,2,1144,Residential,2008-05-19,200345,38.46452,-121.427606,True
423,909 SINGINGWOOD RD,SACRAMENTO,95864,CA,2,1,930,Residential,2008-05-19,203000,38.581471,-121.38839,True
424,6671 FOXWOOD CT,SACRAMENTO,95841,CA,4,2,1766,Residential,2008-05-19,207000,38.687943,-121.328883,True
425,8165 AYN RAND CT,SACRAMENTO,95828,CA,4,3,1940,Residential,2008-05-19,208000,38.468639,-121.403265,True
426,9474 VILLAGE TREE DR,ELK GROVE,95758,CA,4,2,1776,Residential,2008-05-19,210000,38.413947,-121.408276,True
428,8167 DERBY PARK CT,SACRAMENTO,95828,CA,4,2,1872,Residential,2008-05-19,213675,38.460492,-121.373379,True
429,6344 LAGUNA MIRAGE LN,ELK GROVE,95758,CA,2,2,1112,Residential,2008-05-19,213697,38.423963,-121.428875,True
432,308 ATKINSON ST,ROSEVILLE,95678,CA,3,1,998,Residential,2008-05-19,215100,38.746794,-121.29971,True
433,624 HOVEY WAY,ROSEVILLE,95678,CA,3,2,1758,Residential,2008-05-19,217500,38.756149,-121.306479,True
434,110 COPPER LEAF WAY,SACRAMENTO,95838,CA,3,2,2142,Residential,2008-05-19,218000,38.658466,-121.460661,True
435,7535 ALMA VISTA WAY,SACRAMENTO,95831,CA,2,1,950,Residential,2008-05-19,220000,38.48403,-121.507641,True
437,8629 VIA ALTA WAY,ELK GROVE,95624,CA,3,2,1516,Residential,2008-05-19,222900,38.398245,-121.380615,True
438,3318 DAVIDSON DR,ANTELOPE,95843,CA,3,1,988,Residential,2008-05-19,223139,38.705753,-121.388917,True
440,4419 79TH ST,SACRAMENTO,95820,CA,3,2,1212,Residential,2008-05-19,228327,38.534827,-121.412545,True
441,3012 SPOONWOOD WAY,SACRAMENTO,95833,CA,4,2,1871,Residential,2008-05-19,230000,38.62478,-121.523474,True
442,8728 CRYSTAL RIVER WAY,SACRAMENTO,95828,CA,3,2,1302,Residential,2008-05-19,230000,38.47547,-121.380055,True
445,312 RIVER ISLE WAY,SACRAMENTO,95831,CA,3,2,1375,Residential,2008-05-19,232000,38.49026,-121.550527,True
446,301 OLIVADI WAY,SACRAMENTO,95834,CA,2,2,1250,Condo,2008-05-19,232500,38.644406,-121.549049,True
447,5636 25TH ST,SACRAMENTO,95822,CA,3,1,1058,Residential,2008-05-19,233641,38.523828,-121.481139,True
448,8721 SPRUCE RIDGE WAY,ANTELOPE,95843,CA,3,2,1187,Residential,2008-05-19,234000,38.727657,-121.391028,True
449,7461 WINDBRIDGE DR,SACRAMENTO,95831,CA,2,2,1324,Residential,2008-05-19,234500,38.48797,-121.530229,True
450,8101 LEMON COVE CT,SACRAMENTO,95828,CA,4,3,1936,Residential,2008-05-19,235000,38.462981,-121.408288,True
451,10949 SCOTSMAN WAY,RANCHO CORDOVA,95670,CA,5,4,2382,Multi-Family,2008-05-19,236000,38.603686,-121.277844,True
453,3301 PARK DR Unit 1914,SACRAMENTO,95835,CA,3,2,1678,Condo,2008-05-19,238000,38.665296,-121.531993,True
458,6411 RED BIRCH WAY,ELK GROVE,95758,CA,4,2,1844,Residential,2008-05-19,241000,38.43461,-121.429316,True
460,3662 RIVER DR,SACRAMENTO,95833,CA,4,3,2447,Residential,2008-05-19,246000,38.604969,-121.54255,True
462,77 RINETTI WAY,RIO LINDA,95673,CA,4,2,1182,Residential,2008-05-19,247480,38.687021,-121.463151,True
463,1316 I ST,RIO LINDA,95673,CA,3,1,1160,Residential,2008-05-19,249862,38.683674,-121.435204,True
464,2130 CATHERWOOD WAY,SACRAMENTO,95835,CA,3,2,1424,Residential,2008-05-19,251000,38.675506,-121.510987,True
466,5308 MARBURY WAY,ANTELOPE,95843,CA,3,2,1830,Residential,2008-05-19,254172,38.710221,-121.341707,True
467,9182 LAKEMONT DR,ELK GROVE,95624,CA,4,2,1724,Residential,2008-05-19,258000,38.451353,-121.358776,True
468,2231 COUNTRY VILLA CT,AUBURN,95603,CA,2,2,1255,Condo,2008-05-19,260000,38.931671,-121.097862,True
470,361 MAHONIA CIR,SACRAMENTO,95835,CA,4,3,2175,Residential,2008-05-19,261000,38.676172,-121.509761,True
471,3427 LA CADENA WAY,SACRAMENTO,95835,CA,4,2,1904,Residential,2008-05-19,261000,38.681194,-121.537351,True
472,955 BIG SUR CT,EL DORADO HILLS,95762,CA,4,2,1808,Residential,2008-05-19,262500,38.664347,-121.076529,True
474,5847 DEL CAMPO LN,CARMICHAEL,95608,CA,3,1,1713,Residential,2008-05-19,266000,38.671995,-121.324339,True
477,6286 LONETREE BLVD,ROCKLIN,95765,CA,0,0,0,Residential,2008-05-19,274500,38.805036,-121.293608,True
478,7744 SOUTHBREEZE DR,SACRAMENTO,95828,CA,3,2,1468,Residential,2008-05-19,275336,38.476932,-121.378349,True
479,2242 ABLE WAY,SACRAMENTO,95835,CA,4,3,2550,Residential,2008-05-19,277980,38.666074,-121.509743,True
480,1042 STARBROOK DR,GALT,95632,CA,4,2,1928,Residential,2008-05-19,280000,38.285611,-121.293063,True
481,1219 G ST,SACRAMENTO,95814,CA,3,3,1922,Residential,2008-05-19,284686,38.582818,-121.489096,True
483,5419 HAVENHURST CIR,ROCKLIN,95677,CA,3,2,1510,Residential,2008-05-19,285000,38.786746,-121.209957,True
485,4622 MEYER WAY,CARMICHAEL,95608,CA,4,2,1559,Residential,2008-05-19,285000,38.64913,-121.310667,True
487,26 JEANROSS CT,SACRAMENTO,95832,CA,5,3,2992,Residential,2008-05-19,295000,38.473162,-121.491085,True
489,10629 BASIE WAY,RANCHO CORDOVA,95670,CA,4,2,1524,Residential,2008-05-19,296056,38.579,-121.292627,True
490,8612 WILLOW GROVE WAY,SACRAMENTO,95828,CA,3,2,1248,Residential,2008-05-19,297359,38.464994,-121.386962,True
491,62 DE FER CIR,SACRAMENTO,95823,CA,4,2,1876,Residential,2008-05-19,299940,38.49254,-121.463316,True
492,2513 OLD KENMARE RD,LINCOLN,95648,CA,5,3,0,Residential,2008-05-19,304000,38.847396,-121.259586,True
494,3072 VILLAGE PLAZA DR,ROSEVILLE,95747,CA,0,0,0,Residential,2008-05-19,307000,38.773094,-121.365905,True
495,251 CHANGO CIR,SACRAMENTO,95835,CA,4,2,2218,Residential,2008-05-19,311328,38.68237,-121.539147,True
496,8205 WEYBURN CT,SACRAMENTO,95828,CA,3,2,1394,Residential,2008-05-19,313138,38.47316,-121.403893,True
497,8788 LA MARGARITA WAY,SACRAMENTO,95828,CA,3,2,1410,Residential,2008-05-19,316630,38.468185,-121.375694,True
498,5912 DEEPDALE WAY,ELK GROVE,95758,CA,5,3,3468,Residential,2008-05-19,320000,38.439565,-121.436606,True
499,4712 PISMO BEACH DR,ANTELOPE,95843,CA,5,3,2346,Residential,2008-05-19,320000,38.707705,-121.354153,True
500,4741 PACIFIC PARK DR,ANTELOPE,95843,CA,5,3,2347,Residential,2008-05-19,325000,38.709299,-121.353056,True
501,310 GROTH CIR,SACRAMENTO,95834,CA,4,2,1659,Residential,2008-05-19,328578,38.638764,-121.531827,True
503,12241 CANYONLANDS DR,RANCHO CORDOVA,95742,CA,0,0,0,Residential,2008-05-19,331500,38.557293,-121.217611,True
504,29 COOL FOUNTAIN CT,SACRAMENTO,95833,CA,4,2,2155,Residential,2008-05-19,340000,38.606906,-121.54132,True
505,907 RIO ROBLES AVE,SACRAMENTO,95838,CA,0,0,0,Residential,2008-05-19,344755,38.664765,-121.445006,True
506,8909 BILLFISH WAY,SACRAMENTO,95828,CA,3,2,1810,Residential,2008-05-19,345746,38.475433,-121.372584,True
507,6232 GUS WAY,ELK GROVE,95757,CA,4,2,2789,Residential,2008-05-19,351000,38.388129,-121.43117,True
508,200 OAKWILDE ST,GALT,95632,CA,4,2,1606,Residential,2008-05-19,353767,38.2535,-121.31812,True
509,1033 PARK STREAM DR,GALT,95632,CA,0,0,0,Residential,2008-05-19,355000,38.287785,-121.289903,True
510,200 ALLAIRE CIR,SACRAMENTO,95835,CA,4,2,2166,Residential,2008-05-19,356035,38.68318,-121.53484,True
511,1322 SUTTER WALK,SACRAMENTO,95816,CA,0,0,0,Condo,2008-05-19,360000,38.53805,-121.5047,True
512,5479 NICKMAN WAY,SACRAMENTO,95835,CA,4,2,1871,Residential,2008-05-19,360552,38.672966,-121.502748,True
515,7641 ROSEHALL DR,ROSEVILLE,95678,CA,3,2,0,Residential,2008-05-19,367554,38.791617,-121.286147,True
517,2802 BLACK OAK DR,ROCKLIN,95765,CA,2,2,1596,Residential,2008-05-19,370000,38.837006,-121.232024,True
518,2113 FALL TRAIL CT,PLACERVILLE,95667,CA,4,2,0,Residential,2008-05-19,371086,38.733155,-120.748039,True
520,6313 CASTRO VERDE WAY,ELK GROVE,95757,CA,0,0,0,Residential,2008-05-19,383000,38.381102,-121.42901,True
521,3622 CURTIS DR,SACRAMENTO,95818,CA,3,1,1639,Residential,2008-05-19,388000,38.541735,-121.480098,True
522,11817 OPAL RIDGE WAY,RANCHO CORDOVA,95742,CA,5,3,3281,Residential,2008-05-19,395100,38.551083,-121.237476,True
524,2743 DEAKIN PL,EL DORADO HILLS,95762,CA,3,2,0,Residential,2008-05-19,400000,38.69288,-121.073551,True
527,398 LINDLEY DR,SACRAMENTO,95815,CA,4,2,1744,Multi-Family,2008-05-19,416767,38.622359,-121.457582,True
528,3013 BRIDLEWOOD DR,EL DORADO HILLS,95762,CA,4,3,0,Residential,2008-05-19,420000,38.675519,-121.015862,True
529,169 BAURER CIR,FOLSOM,95630,CA,4,3,1939,Residential,2008-05-19,423000,38.66695,-121.120729,True
531,1315 KONDOS AVE,SACRAMENTO,95814,CA,2,3,1788,Residential,2008-05-19,427500,38.571943,-121.492106,True
532,4966 CHARTER RD,ROCKLIN,95765,CA,3,2,1691,Residential,2008-05-19,430922,38.82553,-121.254698,True
533,9516 LAGUNA LAKE WAY,ELK GROVE,95758,CA,4,2,2002,Residential,2008-05-19,445000,38.411258,-121.431348,True
534,5201 BLOSSOM RANCH DR,ELK GROVE,95757,CA,4,4,4303,Residential,2008-05-19,450000,38.399436,-121.444041,True
535,3027 PALMATE WAY,SACRAMENTO,95834,CA,5,3,4246,Residential,2008-05-19,452000,38.628955,-121.529269,True
536,500 WINCHESTER CT,ROSEVILLE,95661,CA,3,2,2274,Residential,2008-05-19,470000,38.73988,-121.248929,True
537,5746 GELSTON WAY,EL DORADO HILLS,95762,CA,4,3,0,Residential,2008-05-19,471000,38.677015,-121.034083,True
539,9605 GOLF COURSE LN,ELK GROVE,95758,CA,3,3,2503,Residential,2008-05-19,484500,38.409689,-121.446059,True
540,719 BAYWOOD CT,EL DORADO HILLS,95762,CA,5,3,0,Residential,2008-05-19,487500,38.647598,-121.077801,True
542,100 CHELSEA CT,FOLSOM,95630,CA,3,2,1905,Residential,2008-05-19,500000,38.69435,-121.177259,True
543,1500 ORANGE HILL LN,PENRYN,95663,CA,3,2,1320,Residential,2008-05-19,506688,38.862708,-121.162092,True
544,408 KIRKWOOD CT,LINCOLN,95648,CA,2,2,0,Residential,2008-05-19,512000,38.861615,-121.26869,True
545,1732 TUSCAN GROVE CIR,ROSEVILLE,95747,CA,5,3,0,Residential,2008-05-19,520000,38.796683,-121.342555,True
547,9360 MAGOS RD,WILTON,95693,CA,5,2,3741,Residential,2008-05-19,579093,38.416809,-121.240628,True
548,104 CATLIN CT,FOLSOM,95630,CA,4,3,2660,Residential,2008-05-19,636000,38.684459,-121.145935,True
549,4734 GIBBONS DR,CARMICHAEL,95608,CA,4,3,3357,Residential,2008-05-19,668365,38.63558,-121.353639,True
550,4629 DORCHESTER LN,GRANITE BAY,95746,CA,5,3,2896,Residential,2008-05-19,676200,38.723545,-121.216025,True
551,2400 COUNTRYSIDE DR,PLACERVILLE,95667,CA,3,2,2025,Residential,2008-05-19,677048,38.737452,-120.910963,True
552,12901 FURLONG DR,WILTON,95693,CA,5,3,3788,Residential,2008-05-19,691659,38.413535,-121.188211,True
553,6222 CALLE MONTALVO CIR,GRANITE BAY,95746,CA,5,3,3670,Residential,2008-05-19,760000,38.779435,-121.146676,True
555,24 CRYSTALWOOD CIR,LINCOLN,95648,CA,0,0,0,Residential,2008-05-19,4897,38.885132,-121.289405,True
556,28 CRYSTALWOOD CIR,LINCOLN,95648,CA,0,0,0,Residential,2008-05-19,4897,38.884936,-121.289397,True
559,40 CRYSTALWOOD CIR,LINCOLN,95648,CA,0,0,0,Residential,2008-05-19,4897,38.884535,-121.289619,True
561,48 CRYSTALWOOD CIR,LINCOLN,95648,CA,0,0,0,Residential,2008-05-19,4897,38.884667,-121.289896,True
562,52 CRYSTALWOOD CIR,LINCOLN,95648,CA,0,0,0,Residential,2008-05-19,4897,38.88478,-121.289911,True
565,76 CRYSTALWOOD CIR,LINCOLN,95648,CA,0,0,0,Residential,2008-05-19,4897,38.885464,-121.289922,True
566,80 CRYSTALWOOD CIR,LINCOLN,95648,CA,0,0,0,Residential,2008-05-19,4897,38.885578,-121.289919,True
568,88 CRYSTALWOOD CIR,LINCOLN,95648,CA,0,0,0,Residential,2008-05-19,4897,38.885806,-121.289911,True
569,92 CRYSTALWOOD CIR,LINCOLN,95648,CA,0,0,0,Residential,2008-05-19,4897,38.88592,-121.289908,True
571,100 CRYSTALWOOD CIR,LINCOLN,95648,CA,0,0,0,Residential,2008-05-19,4897,38.886091,-121.289744,True
574,11 E ST,LINCOLN,95648,CA,0,0,0,Residential,2008-05-19,4897,38.884879,-121.290257,True
576,27 E ST,LINCOLN,95648,CA,0,0,0,Residential,2008-05-19,4897,38.885173,-121.29027,True
577,35 E ST,LINCOLN,95648,CA,0,0,0,Residential,2008-05-19,4897,38.885328,-121.290275,True
578,43 E ST,LINCOLN,95648,CA,0,0,0,Residential,2008-05-19,4897,38.885483,-121.290277,True
579,51 E ST,LINCOLN,95648,CA,4,2,0,Residential,2008-05-19,4897,38.885638,-121.290279,True
581,75 E ST,LINCOLN,95648,CA,3,2,0,Residential,2008-05-19,4897,38.886104,-121.290285,True
582,63 CRYSTALWOOD CIR,LINCOLN,95648,CA,0,0,0,Residential,2008-05-19,4897,38.885093,-121.289932,True
583,398 1ST ST,LINCOLN,95648,CA,0,0,0,Residential,2008-05-19,4897,38.88653,-121.288952,True
584,386 1ST ST,LINCOLN,95648,CA,0,0,0,Residential,2008-05-19,4897,38.886528,-121.288869,True
585,374 1ST ST,LINCOLN,95648,CA,0,0,0,Residential,2008-05-19,4897,38.886525,-121.288787,True
587,108 CRYSTALWOOD WAY,LINCOLN,95648,CA,0,0,0,Residential,2008-05-19,4897,38.886282,-121.289646,True
588,100 CRYSTALWOOD WAY,LINCOLN,95648,CA,0,0,0,Residential,2008-05-19,4897,38.886282,-121.289706,True
590,51 CRYSTALWOOD CIR,LINCOLN,95648,CA,0,0,0,Residential,2008-05-19,4897,38.884752,-121.289907,True
593,39 CRYSTALWOOD CIR,LINCOLN,95648,CA,0,0,0,Residential,2008-05-19,4897,38.884546,-121.289562,True
595,31 CRYSTALWOOD CIR,LINCOLN,95648,CA,0,0,0,Residential,2008-05-19,4897,38.88479,-121.289392,True
596,27 CRYSTALWOOD CIR,LINCOLN,95648,CA,0,0,0,Residential,2008-05-19,4897,38.884985,-121.289399,True
599,15 CRYSTALWOOD CIR,LINCOLN,95648,CA,0,0,0,Residential,2008-05-19,4897,38.885571,-121.289421,True
600,7 CRYSTALWOOD CIR,LINCOLN,95648,CA,0,0,0,Residential,2008-05-19,4897,38.885962,-121.289436,True
601,7 CRYSTALWOOD CIR,LINCOLN,95648,CA,0,0,0,Residential,2008-05-19,4897,38.885962,-121.289436,True
603,8208 WOODYARD WAY,CITRUS HEIGHTS,95621,CA,3,2,1166,Residential,2008-05-16,30000,38.715322,-121.314787,True
604,113 RINETTI WAY,RIO LINDA,95673,CA,0,0,0,Residential,2008-05-16,30000,38.687172,-121.463933,True
605,15 LOORZ CT,SACRAMENTO,95823,CA,2,1,838,Residential,2008-05-16,55422,38.471646,-121.435158,True
607,2332 CAMBRIDGE ST,SACRAMENTO,95815,CA,2,1,1032,Residential,2008-05-16,65000,38.608085,-121.449651,True
608,3812 BELDEN ST,SACRAMENTO,95838,CA,2,1,904,Residential,2008-05-16,65000,38.636833,-121.44164,True
609,3348 40TH ST,SACRAMENTO,95817,CA,2,1,1080,Residential,2008-05-16,65000,38.544162,-121.460652,True
610,127 QUASAR CIR,SACRAMENTO,95822,CA,2,2,990,Residential,2008-05-16,66500,38.493504,-121.475304,True
611,3812 CYPRESS ST,SACRAMENTO,95838,CA,2,1,900,Residential,2008-05-16,71000,38.636877,-121.444948,True
612,5821 64TH ST,SACRAMENTO,95824,CA,2,1,861,Residential,2008-05-16,75000,38.521202,-121.428146,True
615,4250 ARDWELL WAY,SACRAMENTO,95823,CA,3,2,1089,Residential,2008-05-16,95625,38.466938,-121.455631,True
617,6063 LAND PARK DR,SACRAMENTO,95822,CA,2,1,800,Condo,2008-05-16,104250,38.517029,-121.513809,True
618,4738 OAKHOLLOW DR,SACRAMENTO,95842,CA,4,2,1292,Residential,2008-05-16,105000,38.679598,-121.356035,True
619,1401 STERLING ST,SACRAMENTO,95822,CA,2,1,810,Residential,2008-05-16,108000,38.520319,-121.504727,True
620,3715 DIDCOT CIR,SACRAMENTO,95838,CA,4,2,1064,Residential,2008-05-16,109000,38.635232,-121.460098,True
622,4800 WESTLAKE PKWY Unit 410,SACRAMENTO,95835,CA,1,1,846,Condo,2008-05-16,115000,38.658812,-121.542345,True
623,3409 VIRGO ST,SACRAMENTO,95827,CA,3,2,1320,Residential,2008-05-16,115500,38.563402,-121.327747,True
625,2361 LA LOMA DR,RANCHO CORDOVA,95670,CA,3,2,1115,Residential,2008-05-16,116000,38.59368,-121.316054,True
626,1455 64TH AVE,SACRAMENTO,95822,CA,3,2,1169,Residential,2008-05-16,122000,38.492177,-121.503392,True
627,7328 SPRINGMAN ST,SACRAMENTO,95822,CA,3,2,1164,Residential,2008-05-16,122500,38.491991,-121.477636,True
631,6548 GRAYLOCK LN,NORTH HIGHLANDS,95660,CA,3,2,1272,Residential,2008-05-16,124413,38.686061,-121.369949,True
632,1630 GLIDDEN AVE,SACRAMENTO,95822,CA,4,2,1253,Residential,2008-05-16,125000,38.482717,-121.499683,True
633,7825 DALEWOODS WAY,SACRAMENTO,95828,CA,3,2,1120,Residential,2008-05-16,130000,38.477297,-121.411513,True
634,4073 TRESLER AVE,NORTH HIGHLANDS,95660,CA,2,2,1118,Residential,2008-05-16,131750,38.659016,-121.370457,True
635,4288 DYMIC WAY,SACRAMENTO,95838,CA,4,3,1890,Residential,2008-05-16,137721,38.646541,-121.441139,True
636,1158 SAN IGNACIO WAY,SACRAMENTO,95833,CA,3,2,1260,Residential,2008-05-16,137760,38.623045,-121.486279,True
637,4904 J PKWY,SACRAMENTO,95823,CA,3,2,1400,Residential,2008-05-16,138000,38.487297,-121.44295,True
638,2931 HOWE AVE,SACRAMENTO,95821,CA,3,1,1264,Residential,2008-05-16,140000,38.619012,-121.415329,True
639,5531 JANSEN DR,SACRAMENTO,95824,CA,3,1,1060,Residential,2008-05-16,145000,38.522015,-121.438713,True
641,4055 DEERBROOK DR,SACRAMENTO,95823,CA,3,2,1466,Residential,2008-05-16,150000,38.472117,-121.459589,True
642,9937 BURLINE ST,SACRAMENTO,95827,CA,3,2,1092,Residential,2008-05-16,150000,38.559641,-121.32316,True
643,6948 MIRADOR WAY,SACRAMENTO,95828,CA,4,2,1628,Residential,2008-05-16,151000,38.493484,-121.42035,True
644,4909 RUGER CT,SACRAMENTO,95842,CA,3,2,960,Residential,2008-05-16,155000,38.68747,-121.349234,True
645,7204 KERSTEN ST,CITRUS HEIGHTS,95621,CA,3,2,1075,Residential,2008-05-16,155800,38.695863,-121.300814,True
647,8200 STEINBECK WAY,SACRAMENTO,95828,CA,4,2,1358,Residential,2008-05-16,158000,38.474854,-121.404726,True
649,6824 OLIVE TREE WAY,CITRUS HEIGHTS,95610,CA,3,2,1410,Residential,2008-05-16,160000,38.689239,-121.267737,True
651,4517 OLYMPIAD WAY,SACRAMENTO,95826,CA,4,2,1483,Residential,2008-05-16,161600,38.536751,-121.359154,True
652,925 COBDEN CT,GALT,95632,CA,3,2,1140,Residential,2008-05-16,162000,38.282047,-121.295812,True
653,8225 SCOTTSDALE DR,SACRAMENTO,95828,CA,4,2,1549,Residential,2008-05-16,165000,38.487864,-121.402476,True
654,8758 LEMAS RD,SACRAMENTO,95828,CA,3,2,1410,Residential,2008-05-16,165000,38.467487,-121.377055,True
655,6121 ALPINESPRING WAY,ELK GROVE,95758,CA,3,2,1240,Residential,2008-05-16,167293,38.434075,-121.432623,True
657,6417 SUNNYFIELD WAY,SACRAMENTO,95823,CA,4,2,1580,Residential,2008-05-16,168000,38.449153,-121.428272,True
658,4008 GREY LIVERY WAY,ANTELOPE,95843,CA,3,2,1669,Residential,2008-05-16,168750,38.71846,-121.370862,True
659,8920 ROSETTA CIR,SACRAMENTO,95826,CA,3,1,1029,Residential,2008-05-16,168750,38.544374,-121.370874,True
660,8300 LICHEN DR,CITRUS HEIGHTS,95621,CA,3,1,1103,Residential,2008-05-16,170000,38.71641,-121.306239,True
662,4480 VALLEY HI DR,SACRAMENTO,95823,CA,3,2,1650,Residential,2008-05-16,173000,38.466781,-121.450955,True
663,2250 FOREBAY RD,POLLOCK PINES,95726,CA,3,1,1320,Residential,2008-05-16,175000,38.77491,-120.597599,True
664,3529 FABERGE WAY,SACRAMENTO,95826,CA,3,2,1200,Residential,2008-05-16,176095,38.553275,-121.346218,True
668,2421 BERRYWOOD DR,RANCHO CORDOVA,95670,CA,3,2,1157,Residential,2008-05-16,180000,38.60868,-121.27849,True
669,1005 MORENO WAY,SACRAMENTO,95838,CA,3,2,1410,Residential,2008-05-16,180000,38.646206,-121.442767,True
670,1675 VERNON ST Unit 24,ROSEVILLE,95678,CA,3,2,1174,Residential,2008-05-16,180000,38.734136,-121.299639,True
671,24 WINDCHIME CT,SACRAMENTO,95823,CA,3,2,1593,Residential,2008-05-16,181000,38.44617,-121.427824,True
672,540 HARLING CT,RIO LINDA,95673,CA,3,2,1093,Residential,2008-05-16,182000,38.68279,-121.453509,True
673,1207 CRESCENDO DR,ROSEVILLE,95678,CA,3,2,1770,Residential,2008-05-16,182587,38.72446,-121.292829,True
674,7577 EDDYLEE WAY,SACRAMENTO,95822,CA,4,2,1436,Residential,2008-05-16,185074,38.48291,-121.491509,True
677,1910 BONAVISTA WAY,SACRAMENTO,95832,CA,3,2,1638,Residential,2008-05-16,187000,38.476048,-121.494961,True
680,435 EXCHANGE ST,SACRAMENTO,95838,CA,3,1,1082,Residential,2008-05-16,190000,38.659434,-121.455236,True
682,3930 ANNABELLE AVE,ROSEVILLE,95661,CA,2,1,796,Residential,2008-05-16,190000,38.727609,-121.226494,True
683,4854 TANGERINE AVE,SACRAMENTO,95823,CA,3,2,1386,Residential,2008-05-16,191250,38.478239,-121.446326,True
685,4290 BLACKFORD WAY,SACRAMENTO,95823,CA,3,2,1513,Residential,2008-05-16,193500,38.470494,-121.454162,True
686,5890 TT TRAK,FORESTHILL,95631,CA,0,0,0,Residential,2008-05-16,194818,39.020808,-120.821518,True
687,7015 WOODSIDE DR,SACRAMENTO,95842,CA,4,2,1578,Residential,2008-05-16,195000,38.693071,-121.332365,True
688,6019 CHESHIRE WAY,CITRUS HEIGHTS,95610,CA,4,3,1736,Residential,2008-05-16,195000,38.676437,-121.279165,True
690,2561 VERNA WAY,SACRAMENTO,95821,CA,3,1,1473,Residential,2008-05-16,195000,38.611055,-121.369964,True
693,6908 PIN OAK CT,FAIR OAKS,95628,CA,3,1,1144,Residential,2008-05-16,200000,38.66424,-121.303675,True
694,5733 ANGELINA AVE,CARMICHAEL,95608,CA,3,1,972,Residential,2008-05-16,201000,38.622634,-121.330846,True
697,6320 EL DORADO ST,EL DORADO,95623,CA,2,1,1040,Residential,2008-05-16,205000,38.678758,-120.844118,True
698,2328 DOROTHY JUNE WAY,SACRAMENTO,95838,CA,3,2,1430,Residential,2008-05-16,205878,38.641727,-121.412703,True
700,7901 GAZELLE TRAIL WAY,ANTELOPE,95843,CA,4,2,1953,Residential,2008-05-16,207744,38.71174,-121.342675,True
701,6080 BRIDGECROSS DR,SACRAMENTO,95835,CA,3,2,1120,Residential,2008-05-16,209000,38.681952,-121.505009,True
703,1900 DANBROOK DR,SACRAMENTO,95835,CA,1,1,984,Condo,2008-05-16,210944,38.668433,-121.503471,True
704,140 VENTO CT,ROSEVILLE,95678,CA,3,2,0,Condo,2008-05-16,212500,38.793533,-121.289685,True
705,8442 KEUSMAN ST,ELK GROVE,95758,CA,4,2,2329,Residential,2008-05-16,213750,38.449651,-121.414704,True
707,2733 YUMA CT,CAMERON PARK,95682,CA,2,2,0,Residential,2008-05-16,215000,38.691215,-120.994949,True
709,636 CRESTVIEW DR,DIAMOND SPRINGS,95619,CA,3,2,1300,Residential,2008-05-16,216033,38.688255,-120.810235,True
710,1528 HESKET WAY,SACRAMENTO,95825,CA,4,2,1566,Residential,2008-05-16,220000,38.593598,-121.403637,True
712,1833 2ND AVE,SACRAMENTO,95818,CA,2,1,1032,Residential,2008-05-16,220000,38.556818,-121.490669,True
713,7252 CARRIAGE DR,CITRUS HEIGHTS,95621,CA,4,2,1419,Residential,2008-05-16,220000,38.698058,-121.294893,True
718,9967 HATHERTON WAY,ELK GROVE,95757,CA,0,0,0,Residential,2008-05-16,222500,38.3052,-121.4033,True
719,9264 BOULDER RIVER WAY,ELK GROVE,95624,CA,5,2,2254,Residential,2008-05-16,222750,38.421713,-121.345191,True
721,137 GUNNISON AVE,SACRAMENTO,95838,CA,4,2,1991,Residential,2008-05-16,225000,38.650729,-121.466483,True
722,8209 RIVALLO WAY,SACRAMENTO,95829,CA,4,3,2126,Residential,2008-05-16,228750,38.459524,-121.3501,True
723,8637 PERIWINKLE CIR,ELK GROVE,95624,CA,3,2,1094,Residential,2008-05-16,229000,38.443184,-121.364388,True
724,3425 MEADOW WAY,ROCKLIN,95677,CA,3,2,1462,Residential,2008-05-16,230095,38.798028,-121.235364,True
725,107 JARVIS CIR,SACRAMENTO,95834,CA,5,3,2258,Residential,2008-05-16,232500,38.639891,-121.537603,True
726,2319 THORES ST,RANCHO CORDOVA,95670,CA,3,2,1074,Residential,2008-05-16,233000,38.59675,-121.312716,True
727,8935 MOUNTAIN HOME CT,ELK GROVE,95624,CA,4,2,2111,Residential,2008-05-16,233500,38.38751,-121.370276,True
728,2566 SERENATA WAY,SACRAMENTO,95835,CA,3,2,1686,Residential,2008-05-16,239000,38.671556,-121.520916,True
729,4085 COUNTRY DR,ANTELOPE,95843,CA,4,3,1915,Residential,2008-05-16,240000,38.706209,-121.369509,True
730,9297 TROUT WAY,ELK GROVE,95624,CA,4,2,2367,Residential,2008-05-16,240000,38.420637,-121.375798,True
732,11130 EEL RIVER CT,RANCHO CORDOVA,95670,CA,2,2,1406,Residential,2008-05-16,242000,38.625932,-121.271517,True
733,8323 REDBANK WAY,SACRAMENTO,95829,CA,3,2,1789,Residential,2008-05-16,243450,38.455753,-121.349273,True
734,16 BRONCO CREEK CT,SACRAMENTO,95835,CA,4,2,1876,Residential,2008-05-16,243500,38.674226,-121.525497,True
735,8316 NORTHAM DR,ANTELOPE,95843,CA,3,2,1235,Residential,2008-05-16,246544,38.720767,-121.376678,True
736,4240 WINJE DR,ANTELOPE,95843,CA,4,2,2504,Residential,2008-05-16,246750,38.70884,-121.359559,True
739,5976 KYLENCH CT,CITRUS HEIGHTS,95621,CA,3,2,1367,Residential,2008-05-16,249000,38.708966,-121.32467,True
741,9054 DESCENDANT DR,ELK GROVE,95758,CA,3,2,1636,Residential,2008-05-16,250000,38.428852,-121.415628,True
742,3450 WHITNOR CT,SACRAMENTO,95821,CA,3,2,1828,Residential,2008-05-16,250000,38.627698,-121.369698,True
743,6288 LONETREE BLVD,ROCKLIN,95765,CA,0,0,0,Residential,2008-05-16,250000,38.804993,-121.293609,True
744,9355 MATADOR WAY,SACRAMENTO,95826,CA,4,2,1438,Residential,2008-05-16,252000,38.555633,-121.350691,True
745,8671 SUMMER SUN WAY,ELK GROVE,95624,CA,3,2,1451,Residential,2008-05-16,255000,38.442845,-121.373272,True
747,1813 AVENIDA MARTINA,ROSEVILLE,95747,CA,3,2,1506,Residential,2008-05-16,255000,38.776649,-121.339589,True
748,191 BARNHART CIR,SACRAMENTO,95835,CA,4,2,2605,Residential,2008-05-16,257200,38.675594,-121.515878,True
751,5635 LOS PUEBLOS WAY,SACRAMENTO,95835,CA,3,2,1811,Residential,2008-05-16,263500,38.679191,-121.537622,True
753,1251 GREEN RAVINE DR,LINCOLN,95648,CA,4,2,0,Residential,2008-05-16,267750,38.88156,-121.301343,True
756,2674 TAM O SHANTER DR,EL DORADO HILLS,95762,CA,4,2,0,Residential,2008-05-16,272700,38.695801,-121.079216,True
760,2678 BRIARTON DR,LINCOLN,95648,CA,3,2,1650,Residential,2008-05-16,276500,38.844116,-121.274806,True
762,2987 DIORITE WAY,SACRAMENTO,95835,CA,5,3,2280,Residential,2008-05-16,279000,38.667332,-121.528276,True
765,8986 HAFLINGER WAY,ELK GROVE,95757,CA,3,2,1857,Residential,2008-05-16,285000,38.397923,-121.450219,True
766,2916 BABSON DR,ELK GROVE,95758,CA,3,2,1735,Residential,2008-05-16,288000,38.417191,-121.473897,True
770,1524 YOUNGS AVE,SACRAMENTO,95838,CA,4,2,1382,Residential,2008-05-16,293996,38.644927,-121.43054,True
771,865 CONRAD CT,PLACERVILLE,95667,CA,3,2,0,Residential,2008-05-16,294000,38.729993,-120.802458,True
772,8463 TERRACOTTA CT,ELK GROVE,95624,CA,4,2,1721,Residential,2008-05-16,294173,38.450548,-121.363002,True
773,5747 KING RD,LOOMIS,95650,CA,4,2,1328,Residential,2008-05-16,295000,38.825096,-121.198432,True
777,1113 COMMONS DR,SACRAMENTO,95825,CA,2,2,1623,Residential,2008-05-16,300000,38.567795,-121.410703,True
778,2341 BIG STRIKE TRL,COOL,95614,CA,3,2,1457,Residential,2008-05-16,300000,38.905927,-120.975169,True
779,9452 RED SPRUCE WAY,ELK GROVE,95624,CA,6,3,2555,Residential,2008-05-16,300000,38.404505,-121.346938,True
780,5776 TERRACE DR,ROCKLIN,95765,CA,3,2,1577,Residential,2008-05-16,300567,38.800539,-121.260979,True
781,5908 MCLEAN DR,ELK GROVE,95757,CA,5,3,2592,Residential,2008-05-16,303000,38.38912,-121.434389,True
782,8215 PEREGRINE WAY,CITRUS HEIGHTS,95610,CA,3,2,1401,Residential,2008-05-16,305000,38.715493,-121.26293,True
783,1104 HILLSDALE LN,LINCOLN,95648,CA,4,2,0,Residential,2008-05-16,306000,38.865017,-121.32302,True
784,2949 PANAMA AVE,CARMICHAEL,95608,CA,3,2,1502,Residential,2008-05-16,310000,38.618369,-121.326187,True
786,633 HANISCH DR,ROSEVILLE,95678,CA,4,3,1800,Residential,2008-05-16,310000,38.76349,-121.275881,True
787,63 ANGEL ISLAND CIR,SACRAMENTO,95831,CA,4,2,2169,Residential,2008-05-16,311518,38.490408,-121.547664,True
788,1571 WILD OAK LN,LINCOLN,95648,CA,5,3,2457,Residential,2008-05-16,312000,38.844144,-121.274174,True
789,5222 COPPER SUNSET WAY,RANCHO CORDOVA,95742,CA,0,0,0,Residential,2008-05-16,313000,38.529181,-121.224755,True
790,5601 SPINDRIFT LN,ORANGEVALE,95662,CA,4,2,2004,Residential,2008-05-16,315000,38.668289,-121.192316,True
791,652 FIFTEEN MILE DR,ROSEVILLE,95678,CA,4,3,2212,Residential,2008-05-16,315000,38.775872,-121.298864,True
792,7921 DOE TRAIL WAY,ANTELOPE,95843,CA,5,3,3134,Residential,2008-05-16,315000,38.711927,-121.343608,True
793,4204 LUSK DR,SACRAMENTO,95864,CA,3,2,1360,Residential,2008-05-16,315000,38.606569,-121.368424,True
794,5321 DELTA DR,ROCKLIN,95765,CA,4,2,0,Residential,2008-05-16,315000,38.815493,-121.262908,True
795,5608 ROSEDALE WAY,SACRAMENTO,95822,CA,3,2,1276,Residential,2008-05-16,320000,38.525115,-121.518689,True
796,3372 BERETANIA WAY,SACRAMENTO,95834,CA,4,3,2962,Residential,2008-05-16,322000,38.64977,-121.53448,True
797,2422 STEFANIE DR,ROCKLIN,95765,CA,4,2,1888,Residential,2008-05-16,325000,38.82273,-121.26424,True
800,1214 DAWNWOOD DR,GALT,95632,CA,3,2,1548,Residential,2008-05-16,328370,38.290119,-121.286023,True
801,1440 EMERALD LN,LINCOLN,95648,CA,2,2,0,Residential,2008-05-16,330000,38.861864,-121.267478,True
803,10254 JULIANA WAY,SACRAMENTO,95827,CA,4,2,2484,Residential,2008-05-16,331200,38.56803,-121.309966,True
804,149 OPUS CIR,SACRAMENTO,95834,CA,4,3,2258,Residential,2008-05-16,332000,38.6354,-121.53499,True
806,5544 CAMAS CT,ORANGEVALE,95662,CA,3,2,1616,Residential,2008-05-16,335000,38.667703,-121.209456,True
807,5102 ARCHCREST WAY,SACRAMENTO,95835,CA,4,2,2372,Residential,2008-05-16,341000,38.66841,-121.494639,True
809,7697 ROSEHALL DR,ROSEVILLE,95678,CA,5,3,0,Residential,2008-05-16,347225,38.79218,-121.28595,True
811,4509 WINJE DR,ANTELOPE,95843,CA,3,2,2960,Residential,2008-05-16,350000,38.709513,-121.359357,True
812,1965 LAURELHURST LN,LINCOLN,95648,CA,2,2,0,Residential,2008-05-16,350000,38.853869,-121.271742,True
814,281 SPYGLASS HL,ROSEVILLE,95678,CA,3,2,2100,Condo,2008-05-16,350000,38.762153,-121.283451,True
816,4165 BRISBANE CIR,EL DORADO HILLS,95762,CA,3,2,0,Residential,2008-05-16,356200,38.686067,-121.073413,True
818,9048 PINTO CANYON WAY,ROSEVILLE,95747,CA,4,3,2577,Residential,2008-05-16,367463,38.792493,-121.331899,True
821,6905 FRANKFORT CT,ELK GROVE,95758,CA,3,2,1485,Residential,2008-05-16,380578,38.429139,-121.423444,True
822,3621 WINTUN DR,CARMICHAEL,95608,CA,3,2,1655,Residential,2008-05-16,386222,38.629929,-121.323086,True
823,201 KIRKLAND CT,LINCOLN,95648,CA,0,0,0,Residential,2008-05-16,389000,38.867125,-121.319085,True
824,12075 APPLESBURY CT,RANCHO CORDOVA,95742,CA,0,0,0,Residential,2008-05-16,390000,38.5357,-121.2249,True
825,1975 SIDESADDLE WAY,ROSEVILLE,95661,CA,3,2,2049,Residential,2008-05-16,395500,38.737872,-121.249025,True
828,1515 EL CAMINO VERDE DR,LINCOLN,95648,CA,0,0,0,Residential,2008-05-16,400000,38.904869,-121.32075,True
829,556 PLATT CIR,EL DORADO HILLS,95762,CA,4,2,2199,Residential,2008-05-16,400000,38.656299,-121.079783,True
831,1124 PERKINS WAY,SACRAMENTO,95818,CA,2,1,1304,Residential,2008-05-16,413500,38.551611,-121.504437,True
832,4748 SALEM WAY,CARMICHAEL,95608,CA,3,2,2334,Residential,2008-05-16,415000,38.634111,-121.353376,True
834,51 AIKEN WAY,SACRAMENTO,95819,CA,3,1,1493,Residential,2008-05-16,425000,38.579326,-121.44252,True
836,1536 STONEY CROSS LN,LINCOLN,95648,CA,0,0,0,Residential,2008-05-16,433500,38.860007,-121.310946,True
837,509 CASTILLIAN CT,ROSEVILLE,95747,CA,5,3,0,Residential,2008-05-16,438000,38.804773,-121.341195,True
838,700 HUNTER PL,FOLSOM,95630,CA,5,3,2787,Residential,2008-05-16,441000,38.66051,-121.163689,True
839,1240 FAY CIR,SACRAMENTO,95831,CA,5,3,2824,Residential,2008-05-16,445000,38.506371,-121.514456,True
840,1113 SANDWICK WAY,FOLSOM,95630,CA,4,3,3261,Residential,2008-05-16,446000,38.673882,-121.105077,True
841,3108 DELWOOD WAY,SACRAMENTO,95821,CA,4,2,2053,Residential,2008-05-16,450000,38.621566,-121.370882,True
842,3212 CORNICHE LN,ROSEVILLE,95661,CA,4,3,2379,Residential,2008-05-16,455000,38.750577,-121.232768,True
843,2159 BECKETT DR,EL DORADO HILLS,95762,CA,3,2,0,Residential,2008-05-16,460000,38.680092,-121.036467,True
844,4320 FOUR SEASONS RD,PLACERVILLE,95667,CA,3,2,0,Residential,2008-05-16,475000,38.690867,-120.693641,True
845,6401 MARSHALL RD,GARDEN VALLEY,95633,CA,3,2,0,Residential,2008-05-16,490000,38.84255,-120.8754,True
846,2089 BECKETT DR,EL DORADO HILLS,95762,CA,4,2,0,Residential,2008-05-16,493000,38.681778,-121.035838,True
847,6196 EDGEHILL DR,EL DORADO HILLS,95762,CA,5,4,0,Residential,2008-05-16,508000,38.676131,-121.038931,True
848,200 HILLSFORD CT,ROSEVILLE,95747,CA,0,0,0,Residential,2008-05-16,511000,38.780051,-121.378718,True
850,4841 VILLAGE GREEN DR,EL DORADO HILLS,95762,CA,4,3,0,Residential,2008-05-16,533000,38.664066,-121.056735,True
851,3863 LAS PASAS WAY,SACRAMENTO,95864,CA,3,1,1348,Residential,2008-05-16,545000,38.588936,-121.373606,True
852,820 DANA CT,AUBURN,95603,CA,4,3,0,Residential,2008-05-16,560000,38.865246,-121.094869,True
855,9880 IZILDA CT,SACRAMENTO,95829,CA,5,4,3863,Residential,2008-05-16,598695,38.45326,-121.32573,True
856,1800 AVONDALE DR,ROSEVILLE,95747,CA,5,3,0,Residential,2008-05-16,600000,38.798448,-121.344054,True
857,4620 BROMWICH CT,ROCKLIN,95677,CA,4,3,0,Residential,2008-05-16,600000,38.772672,-121.220232,True
858,620 KESWICK CT,GRANITE BAY,95746,CA,4,3,2356,Residential,2008-05-16,600000,38.732096,-121.219142,True
861,200 CRADLE MOUNTAIN CT,EL DORADO HILLS,95762,CA,0,0,0,Residential,2008-05-16,622500,38.6478,-121.0309,True
862,2065 IMPRESSIONIST WAY,EL DORADO HILLS,95762,CA,0,0,0,Residential,2008-05-16,680000,38.682961,-121.033253,True
863,2982 ABERDEEN LN,EL DORADO HILLS,95762,CA,4,3,0,Residential,2008-05-16,879000,38.706692,-121.058869,True
864,9401 BARREL RACER CT,WILTON,95693,CA,4,3,4400,Residential,2008-05-16,884790,38.415298,-121.194858,True
867,7401 TOULON LN,SACRAMENTO,95828,CA,4,2,1512,Residential,2008-05-15,56950,38.488628,-121.387759,True
868,9127 NEWHALL DR Unit 34,SACRAMENTO,95826,CA,1,1,611,Condo,2008-05-15,60000,38.542419,-121.359904,True
869,5937 BAMFORD DR,SACRAMENTO,95823,CA,2,1,876,Residential,2008-05-15,61000,38.471139,-121.432255,True
870,5672 HILLSDALE BLVD,SACRAMENTO,95842,CA,2,1,933,Condo,2008-05-15,62000,38.670467,-121.359799,True
873,83 ARCADE BLVD,SACRAMENTO,95815,CA,4,2,1158,Residential,2008-05-15,80000,38.618716,-121.466327,True
875,550 DEL VERDE CIR,SACRAMENTO,95833,CA,2,1,956,Condo,2008-05-15,92000,38.627147,-121.500799,True
876,4113 DAYSTAR CT,SACRAMENTO,95824,CA,2,2,1139,Residential,2008-05-15,93600,38.520469,-121.458606,True
877,7374 TISDALE WAY,SACRAMENTO,95822,CA,3,1,1058,Residential,2008-05-15,95000,38.488238,-121.472561,True
878,3348 RIO LINDA BLVD,SACRAMENTO,95838,CA,3,2,1040,Residential,2008-05-15,97750,38.628842,-121.446127,True
879,3935 LIMESTONE WAY,SACRAMENTO,95823,CA,3,2,1354,Residential,2008-05-15,104000,38.484374,-121.463157,True
880,6208 GRATTAN WAY,NORTH HIGHLANDS,95660,CA,3,1,1051,Residential,2008-05-15,105000,38.679279,-121.376615,True
881,739 E WOODSIDE LN Unit E,SACRAMENTO,95825,CA,1,1,682,Condo,2008-05-15,107666,38.578675,-121.409951,True
882,4225 46TH AVE,SACRAMENTO,95824,CA,3,1,1161,Residential,2008-05-15,109000,38.511893,-121.457676,True
883,1434 BELL AVE,SACRAMENTO,95838,CA,3,1,1004,Residential,2008-05-15,110000,38.647398,-121.432914,True
884,5628 GEORGIA DR,NORTH HIGHLANDS,95660,CA,3,1,1229,Residential,2008-05-15,110000,38.669587,-121.379879,True
885,7629 BETH ST,SACRAMENTO,95832,CA,3,2,1249,Residential,2008-05-15,112500,38.480126,-121.487869,True
886,2277 BABETTE WAY,SACRAMENTO,95832,CA,3,2,1161,Residential,2008-05-15,114800,38.479593,-121.48434,True
887,6561 WEATHERFORD WAY,SACRAMENTO,95823,CA,3,1,1010,Residential,2008-05-15,116000,38.465551,-121.42661,True
888,3035 ESTEPA DR Unit 5C,CAMERON PARK,95682,CA,0,0,0,Condo,2008-05-15,119000,38.681393,-120.996713,True
891,87 LACAM CIR,SACRAMENTO,95820,CA,2,2,1188,Residential,2008-05-15,123675,38.532359,-121.41167,True
892,1691 NOGALES ST,SACRAMENTO,95838,CA,4,2,1570,Residential,2008-05-15,126854,38.631925,-121.427775,True
893,3118 42ND ST,SACRAMENTO,95817,CA,3,2,1093,Residential,2008-05-15,127059,38.546091,-121.457745,True
895,4071 EVALITA WAY,SACRAMENTO,95823,CA,3,2,1089,Residential,2008-05-15,129500,38.466388,-121.458861,True
896,7928 36TH AVE,SACRAMENTO,95824,CA,3,2,1127,Residential,2008-05-15,130000,38.52049,-121.411383,True
897,6631 DEMARET DR,SACRAMENTO,95822,CA,4,2,1309,Residential,2008-05-15,131750,38.506382,-121.483574,True
898,7043 9TH AVE,RIO LINDA,95673,CA,2,1,970,Residential,2008-05-15,132000,38.695589,-121.444133,True
901,1530 TOPANGA LN Unit 204,LINCOLN,95648,CA,0,0,0,Condo,2008-05-15,138000,38.88415,-121.270277,True
903,2149 COTTAGE WAY,SACRAMENTO,95825,CA,3,1,1285,Residential,2008-05-15,143012,38.603593,-121.417011,True
904,8632 PRAIRIEWOODS DR,SACRAMENTO,95828,CA,3,2,1543,Residential,2008-05-15,145846,38.477563,-121.384382,True
905,612 STONE BLVD,WEST SACRAMENTO,95691,CA,2,1,884,Residential,2008-05-15,147000,38.563084,-121.535579,True
907,8025 ARROYO VISTA DR,SACRAMENTO,95823,CA,4,2,1392,Residential,2008-05-15,150000,38.46654,-121.419029,True
908,5754 WALERGA RD Unit 4,SACRAMENTO,95842,CA,2,1,924,Condo,2008-05-15,150454,38.672567,-121.356754,True
909,8 LA ROCAS CT,SACRAMENTO,95823,CA,3,2,1217,Residential,2008-05-15,151087,38.46616,-121.448283,True
911,1941 EXPEDITION WAY,SACRAMENTO,95832,CA,3,2,1302,Residential,2008-05-15,157500,38.473775,-121.493777,True
912,4351 TURNBRIDGE DR,SACRAMENTO,95823,CA,3,2,1488,Residential,2008-05-15,160000,38.502034,-121.456027,True
913,6513 HOLIDAY WAY,NORTH HIGHLANDS,95660,CA,3,2,1373,Residential,2008-05-15,160000,38.685361,-121.376938,True
915,5920 VALLEY GLEN WAY,SACRAMENTO,95823,CA,3,2,1265,Residential,2008-05-15,164000,38.462821,-121.433135,True
916,2601 SAN FERNANDO WAY,SACRAMENTO,95818,CA,2,1,881,Residential,2008-05-15,165000,38.556178,-121.476256,True
917,501 POPLAR AVE,WEST SACRAMENTO,95691,CA,0,0,0,Residential,2008-05-15,165000,38.584526,-121.534609,True
919,6517 DONEGAL DR,CITRUS HEIGHTS,95621,CA,3,1,1344,Residential,2008-05-15,166000,38.681554,-121.312934,True
920,1001 RIO NORTE WAY,SACRAMENTO,95834,CA,3,2,1202,Residential,2008-05-15,169000,38.634292,-121.485106,True
921,604 P ST,LINCOLN,95648,CA,3,2,1104,Residential,2008-05-15,170000,38.893168,-121.305398,True
922,10001 WOODCREEK OAKS BLVD Unit 815,ROSEVILLE,95747,CA,2,2,0,Condo,2008-05-15,170000,38.795529,-121.328819,True
925,7342 DAVE ST,SACRAMENTO,95828,CA,3,1,1638,Residential,2008-05-15,170725,38.490822,-121.401643,True
926,7687 HOWERTON DR,SACRAMENTO,95831,CA,2,2,1177,Residential,2008-05-15,171750,38.480859,-121.539745,True
928,7045 PEEVEY CT,SACRAMENTO,95823,CA,2,2,904,Residential,2008-05-15,173056,38.502254,-121.451444,True
929,8916 GABLES MILL PL,ELK GROVE,95758,CA,3,2,1340,Residential,2008-05-15,174000,38.433919,-121.422347,True
930,1140 EDMONTON DR,SACRAMENTO,95833,CA,3,2,1204,Residential,2008-05-15,174250,38.62457,-121.486913,True
932,9 WIND CT,SACRAMENTO,95823,CA,4,2,1497,Residential,2008-05-15,179500,38.45073,-121.427528,True
933,8570 SHERATON DR,FAIR OAKS,95628,CA,3,1,960,Residential,2008-05-15,185000,38.667254,-121.240708,True
934,1550 TOPANGA LN Unit 207,LINCOLN,95648,CA,0,0,0,Condo,2008-05-15,188000,38.88417,-121.270222,True
935,1080 RIO NORTE WAY,SACRAMENTO,95834,CA,3,2,1428,Residential,2008-05-15,188700,38.634335,-121.486098,True
937,5624 MEMORY LN,FAIR OAKS,95628,CA,3,1,1529,Residential,2008-05-15,189000,38.66745,-121.2364,True
941,1973 DANVERS WAY,SACRAMENTO,95832,CA,3,2,1638,Residential,2008-05-15,191675,38.477568,-121.492574,True
943,7409 VOYAGER WAY,CITRUS HEIGHTS,95621,CA,3,1,1073,Residential,2008-05-15,198000,38.700717,-121.3133,True
945,5509 LAGUNA CREST WAY,ELK GROVE,95758,CA,3,2,1175,Residential,2008-05-15,200000,38.42442,-121.440357,True
946,8424 MERRY HILL WAY,ELK GROVE,95624,CA,3,2,1416,Residential,2008-05-15,200000,38.452075,-121.366461,True
951,2221 2ND AVE,SACRAMENTO,95818,CA,2,2,1089,Residential,2008-05-15,205000,38.555781,-121.485331,True
952,3230 SMATHERS WAY,CARMICHAEL,95608,CA,3,2,1296,Residential,2008-05-15,205900,38.623372,-121.347665,True
953,5209 LAGUNA CREST WAY,ELK GROVE,95758,CA,2,2,1189,Residential,2008-05-15,207000,38.424421,-121.443915,True
954,416 LEITCH AVE,SACRAMENTO,95815,CA,2,1,795,Residential,2008-05-15,207973,38.612694,-121.456669,True
955,2100 BEATTY WAY,ROSEVILLE,95747,CA,3,2,1371,Residential,2008-05-15,208250,38.737882,-121.308142,True
956,6920 GILLINGHAM WAY,NORTH HIGHLANDS,95660,CA,3,1,1310,Residential,2008-05-15,208318,38.694279,-121.373395,True
958,8652 BANTON CIR,ELK GROVE,95624,CA,4,2,1740,Residential,2008-05-15,211500,38.444,-121.370993,True
959,8428 MISTY PASS WAY,ANTELOPE,95843,CA,3,2,1517,Residential,2008-05-15,212000,38.722959,-121.347115,True
960,7958 ROSEVIEW WAY,SACRAMENTO,95828,CA,3,2,1450,Residential,2008-05-15,213000,38.467836,-121.410366,True
961,9020 LUKEN CT,ELK GROVE,95624,CA,3,2,1416,Residential,2008-05-15,216000,38.451398,-121.366614,True
962,7809 VALLECITOS WAY,SACRAMENTO,95828,CA,3,1,888,Residential,2008-05-15,216021,38.508217,-121.411207,True
963,8445 OLD AUBURN RD,CITRUS HEIGHTS,95610,CA,3,2,1882,Residential,2008-05-15,219000,38.715423,-121.246743,True
964,10085 ATKINS DR,ELK GROVE,95757,CA,3,2,1302,Residential,2008-05-15,219794,38.390893,-121.437821,True
965,9185 CERROLINDA CIR,ELK GROVE,95758,CA,3,2,1418,Residential,2008-05-15,220000,38.424497,-121.426595,True
966,9197 CORTINA CIR,ROSEVILLE,95678,CA,3,2,0,Condo,2008-05-15,220000,38.793152,-121.290025,True
967,5429 HESPER WAY,CARMICHAEL,95608,CA,4,2,1319,Residential,2008-05-15,220000,38.665104,-121.315901,True
968,1178 WARMWOOD CT,GALT,95632,CA,4,2,1770,Residential,2008-05-15,220000,38.289544,-121.284607,True
974,7540 HICKORY AVE,ORANGEVALE,95662,CA,3,1,1456,Residential,2008-05-15,225000,38.703056,-121.235221,True
975,5024 CHAMBERLIN CIR,ELK GROVE,95757,CA,3,2,1450,Residential,2008-05-15,228000,38.389756,-121.446246,True
976,2400 INVERNESS DR,LINCOLN,95648,CA,3,2,1358,Residential,2008-05-15,229027,38.897814,-121.324691,True
977,5 BISHOPGATE CT,SACRAMENTO,95823,CA,4,2,1329,Residential,2008-05-15,229500,38.467936,-121.445477,True
978,5601 REXLEIGH DR,SACRAMENTO,95823,CA,4,2,1715,Residential,2008-05-15,230000,38.445342,-121.441504,True
979,1909 YARNELL WAY,ELK GROVE,95758,CA,3,2,1262,Residential,2008-05-15,230000,38.417382,-121.484325,True
980,9169 GARLINGTON CT,SACRAMENTO,95829,CA,4,3,2280,Residential,2008-05-15,232425,38.457679,-121.35962,True
981,6932 RUSKUT WAY,SACRAMENTO,95823,CA,3,2,1477,Residential,2008-05-15,234000,38.499893,-121.45889,True
982,7933 DAFFODIL WAY,CITRUS HEIGHTS,95610,CA,3,2,1216,Residential,2008-05-15,235000,38.708824,-121.256803,True
983,8304 RED FOX WAY,ELK GROVE,95758,CA,4,2,1685,Residential,2008-05-15,235301,38.417,-121.397424,True
984,3882 YELLOWSTONE LN,EL DORADO HILLS,95762,CA,3,2,1362,Residential,2008-05-15,235738,38.655245,-121.075915,True
