,american_flow,colum_flow,american_flow_resid,american_flow_trend,american_flow_seas,colum_flow_resid,colum_flow_trend,colum_flow_seas
1933-01-31,10.7887,24.1,0.26056529063786965,107.96293995627572,-90.21589692644035,0.05859310699588495,106.0611908436214,-82.63927211934154
1933-02-28,14.6115,20.81,0.26056529063786965,107.96293995627572,-58.33028998199589,0.05859310699588495,106.0611908436214,-83.51518261316875
1933-03-31,19.6236,22.96,0.26056529063786965,107.96293995627572,-11.612402173353912,0.05859310699588495,106.0611908436214,-81.17860853909464
1933-04-30,21.9739,37.66,0.26056529063786965,107.96293995627572,20.05659458590535,0.05859310699588495,106.0611908436214,-65.48058384773661
1933-05-31,28.0054,118.93,0.26056529063786965,107.96293995627572,48.84837159207821,0.05859310699588495,106.0611908436214,31.810450102880665
1933-06-30,66.0632,331.31,0.26056529063786965,107.96293995627572,67.66885384516462,0.05859310699588495,106.0611908436214,196.75526491769546
1933-07-31,113.4373,399.27,-49.64111680812754,51.88591249999998,111.19250430812755,73.12839248971193,124.18499999999997,201.9566075102881
1933-08-31,162.0007,250.89,-12.251512024176947,52.08177083333332,122.17044119084362,40.70546039094651,124.99208333333331,85.19245627572016
1933-09-30,156.6771,116.1,74.69858612397121,53.671049999999994,28.307463876028798,-3.936900720164589,125.76374999999997,-5.72684927983539
1933-10-31,17.9246,69.38,24.69315634002058,57.34279583333333,-64.11135217335391,-10.152811213991725,128.88916666666663,-49.356355452674904
1933-11-30,7.0792,52.95,28.116653870884804,62.14603749999999,-83.1834913708848,-15.119771090534954,137.4433333333333,-69.37356224279834
1933-12-31,4.0493,40.21,28.04301760545269,66.79707916666666,-90.79079677211935,-27.130635288065818,145.78499999999997,-78.44436471193414
1934-01-31,11.5816,35.4,33.988088593107015,67.80940833333334,-90.21589692644035,-25.14989454732512,143.18916666666667,-82.63927211934154
1934-02-28,18.5192,28.88,14.990156648662563,61.85933333333333,-58.33028998199589,-23.384400720164592,135.77958333333333,-83.51518261316875
1934-03-31,53.8586,33.41,14.229306340020576,51.24169583333334,-11.612402173353912,-18.099724794238725,132.68833333333336,-81.17860853909464
1934-04-30,75.8608,102.22,10.831155414094638,44.97305000000001,20.05659458590535,36.581417181069966,131.11916666666664,-65.48058384773661
1934-05-31,89.3963,259.67,-3.841084092078212,44.3890125,48.84837159207821,98.0616332304527,129.79791666666665,31.810450102880665
1934-06-30,116.2973,390.77,4.298425321502052,44.330020833333336,67.66885384516462,65.2559850823045,128.75875000000002,196.75526491769546
1934-07-31,87.4991,277.51,-67.80397097479423,44.110566666666664,111.19250430812755,-52.14202417695478,127.69541666666666,201.9566075102881
1934-08-31,45.1371,194.82,-121.53326619084362,44.499925000000005,122.17044119084362,-17.483706275720166,127.11125,85.19245627572016
1934-09-30,18.7174,97.98,-53.83513887602879,44.245075,28.307463876028798,-23.13356738683126,126.84041666666666,-5.72684927983539
1934-10-31,5.4368,49.84,25.986218840020577,43.56193333333333,-64.11135217335391,-24.606561213991768,123.80291666666668,-49.356355452674904
1934-11-30,5.5501,40.78,45.620008037551464,43.11358333333333,-83.1834913708848,-3.9981044238683126,114.15166666666666,-69.37356224279834
1934-12-31,4.1626,27.44,53.31583010545268,41.637566666666665,-90.79079677211935,2.693948045267504,103.19041666666664,-78.44436471193414
1935-01-31,6.2014,22.65,43.327926093107024,53.08937083333333,-90.21589692644035,3.6330221193415184,101.65625000000001,-82.63927211934154
1935-02-28,33.244,27.61,15.647385815329216,75.92690416666667,-58.33028998199589,6.318932613168755,104.80624999999999,-83.51518261316875
1935-03-31,33.0174,28.18,-47.90611449331275,92.53591666666667,-11.612402173353912,3.785691872427961,105.57291666666667,-81.17860853909464
1935-04-30,80.3066,34.55,-39.315573752572014,99.56557916666667,20.05659458590535,-5.648166152263386,105.67875,-65.48058384773661
1935-05-31,74.1901,95.71,-75.27865492541153,100.62038333333332,48.84837159207821,-41.23628343621401,105.13583333333334,31.810450102880665
1935-06-30,96.0791,291.66,-72.3882955118313,100.79854166666668,67.66885384516462,-9.708181584362109,104.61291666666668,196.75526491769546
1935-07-31,382.5606,339.8,170.24863319187247,101.1194625,111.19250430812755,33.28255915637857,104.56083333333333,201.9566075102881
1935-08-31,298.1764,208.13,75.19680464248971,100.80915416666667,122.17044119084362,18.607960390946502,104.32958333333333,85.19245627572016
1935-09-30,164.2944,103.07,36.205448623971186,99.78148750000001,28.307463876028798,4.9630992798354026,103.83374999999998,-5.72684927983539
1935-10-31,28.5717,47.29,-11.198476993312767,103.88152916666667,-64.11135217335391,-7.251977880658423,103.89833333333333,-49.356355452674904
1935-11-30,7.7305,30.3,-30.388300295781875,121.30229166666668,-83.1834913708848,-6.206854423868322,105.88041666666666,-69.37356224279834
1935-12-31,6.257999999999999,25.37,-41.304961561214,138.35375833333336,-90.79079677211935,-3.753135288065849,107.5675,-78.44436471193414
1936-01-31,11.8081,23.47,-36.981053073559636,139.00504999999998,-90.21589692644035,2.9780221193415457,103.13125,-82.63927211934154
1936-02-29,20.1899,21.24,-55.488122518004104,134.0083125,-58.33028998199589,7.948099279835432,96.80708333333331,-83.51518261316875
1936-03-31,21.4075,22.65,-99.52891449331274,132.54881666666665,-11.612402173353912,9.97110853909463,93.8575,-81.17860853909464
1936-04-30,190.3175,41.63,37.31919291409465,132.9417125,20.05659458590535,14.668917181069965,92.44166666666665,-65.48058384773661
1936-05-31,382.2775,136.2,199.8443867412551,133.58474166666664,48.84837159207821,12.619549897119327,91.77,31.810450102880665
1936-06-30,197.2269,291.66,-4.485666345164589,134.04371249999997,67.66885384516462,3.581818415637912,91.32291666666666,196.75526491769546
1936-07-31,297.0438,233.33,51.48665402520578,134.36464166666664,111.19250430812755,-59.542857510288115,90.91625,201.9566075102881
1936-08-31,263.7715,162.82,7.313104642489705,134.28795416666668,122.17044119084362,-12.834539609053508,90.46208333333334,85.19245627572016
1936-09-30,163.6714,77.59,1.3178527906378648,134.04608333333334,28.307463876028798,-6.818567386831292,90.13541666666669,-5.72684927983539
1936-10-31,38.6242,38.79,-24.364647826646063,127.10019999999997,-64.11135217335391,-1.1669778806584574,89.31333333333336,-49.356355452674904
1936-11-30,13.1107,22.68,-15.41698362911518,111.71117499999997,-83.1834913708848,5.7014789094649885,86.35208333333335,-69.37356224279834
1936-12-31,11.8931,22.26,-0.12634906121394351,102.8102458333333,-90.79079677211935,19.70853137860084,80.99583333333331,-78.44436471193414
1937-01-31,13.8753,16.82,3.9793135931070083,100.11188333333334,-90.21589692644035,20.197605452674885,79.26166666666666,-82.63927211934154
1937-02-28,16.2822,16.99,-24.979068351337432,99.59155833333332,-58.33028998199589,19.81559927983541,80.68958333333333,-83.51518261316875
1937-03-31,19.5103,19.06,-67.7538561599794,98.87655833333332,-11.612402173353912,18.557775205761303,81.68083333333334,-81.17860853909464
1937-04-30,25.5135,25.49,-90.32603625257201,95.78294166666666,20.05659458590535,7.8264171810699565,83.14416666666665,-65.48058384773661
1937-05-31,177.7449,81.27,33.86634507458845,95.03018333333334,48.84837159207821,-35.56003343621397,85.0195833333333,31.810450102880665
1937-06-30,188.1372,218.04,25.760266988168723,94.70807916666666,67.66885384516462,-65.42568158436214,86.71041666666667,196.75526491769546
1937-07-31,241.3728,265.33,35.54418735853912,94.63610833333334,111.19250430812755,-24.157857510288125,87.53124999999999,201.9566075102881
1937-08-31,306.9547,165.09,89.36589630915638,95.4183625,122.17044119084362,-8.384956275720143,88.28249999999998,85.19245627572016
1937-09-30,103.3282,99.11,-28.77233470936212,103.79307083333332,28.307463876028798,15.86684927983539,88.97,-5.72684927983539
1937-10-31,24.7206,52.39,-24.3339936599794,113.16594583333331,-64.11135217335391,11.68177211934156,90.06458333333335,-49.356355452674904
1937-11-30,8.9481,54.09,-27.0493211291152,119.18091249999999,-83.1834913708848,30.673562242798326,92.79000000000002,-69.37356224279834
1937-12-31,8.3252,31.43,-32.06417406121396,131.1801708333333,-90.79079677211935,8.35311471193414,101.52125000000001,-78.44436471193414
1938-01-31,15.7159,27.35,-37.12021140689298,143.05200833333333,-90.21589692644035,-1.3603112139917926,111.34958333333333,-82.63927211934154
1938-02-28,33.2157,24.49,-62.143714184670756,153.68970416666664,-58.33028998199589,-5.751067386831252,113.75625,-83.51518261316875
1938-03-31,203.5698,28.06,47.72697300668726,167.45522916666664,-11.612402173353912,-4.352224794238666,113.59083333333331,-81.17860853909464
1938-04-30,66.403,42.76,-129.86934875257202,176.21575416666667,20.05659458590535,-5.975249485596734,114.21583333333334,-65.48058384773661
1938-05-31,281.2146,129.41,54.396007574588495,177.97022083333331,48.84837159207821,-15.719200102880663,113.31875,31.810450102880665
1938-06-30,372.6497,379.45,126.47850448816871,178.50234166666667,67.66885384516462,70.63973508230453,112.05499999999999,196.75526491769546
1938-07-31,341.7844,339.8,51.711999858539116,178.87989583333334,111.19250430812755,26.23422582304525,111.60916666666665,201.9566075102881
1938-08-31,461.8478,148.38,160.9095546424897,178.7678041666667,122.17044119084362,-48.020789609053494,111.20833333333333,85.19245627572016
1938-09-30,278.8077,111.85,79.31072779063786,171.18950833333335,28.307463876028798,6.854349279835388,110.7225,-5.72684927983539
1938-10-31,59.4937,54.65,-38.77909782664611,162.38415,-64.11135217335391,-6.316144547325116,110.32250000000002,-49.356355452674904
1938-11-30,16.2822,30.3,-51.53508779578193,151.00077916666672,-83.1834913708848,-11.628104423868336,111.30166666666668,-69.37356224279834
1938-12-31,13.762,24.89,-25.55841156121396,130.1112083333333,-90.79079677211935,-2.4452186213992206,105.77958333333336,-78.44436471193414
1939-01-31,19.3404,23.19,-1.456378073559634,111.01267499999999,-90.21589692644035,8.934272119341543,96.895,-82.63927211934154
1939-02-28,26.901,19.03,-1.48316835133744,86.71445833333333,-58.33028998199589,5.5793492798354265,96.96583333333332,-83.51518261316875
1939-03-31,28.0054,21.86,-20.20862699331275,59.826429166666664,-11.612402173353912,4.6569418724279785,98.38166666666666,-81.17860853909464
1939-04-30,30.6388,39.36,-36.268027919238676,46.85023333333333,20.05659458590535,6.87183384773661,97.96875,-65.48058384773661
1939-05-31,43.7779,156.31,-49.08312159207821,44.01265,48.84837159207821,25.221216563786,99.27833333333334,31.810450102880665
1939-06-30,108.7367,220.02,-1.9454538451646215,43.013299999999994,67.66885384516462,-77.25359825102876,100.51833333333332,196.75526491769546
1939-07-31,147.3326,286.0,-6.16174180812753,42.30183749999999,111.19250430812755,-16.816190843621428,100.85958333333332,201.9566075102881
1939-08-31,73.1424,203.88,-90.55234535751029,41.52430416666667,122.17044119084362,17.74879372427985,100.93874999999998,85.19245627572016
1939-09-30,22.2004,90.33,-46.767701376028796,40.66063749999999,28.307463876028798,-5.274817386831261,101.33166666666665,-5.72684927983539
1939-10-31,4.6723,66.26,20.550618840020583,48.233033333333324,-64.11135217335391,14.220938786008261,101.39541666666665,-49.356355452674904
1939-11-30,3.0016,50.12,19.286533037551465,66.89855833333333,-83.1834913708848,19.053978909465023,100.43958333333332,-69.37356224279834
1939-12-31,3.0582,34.83,4.481017605452692,89.36797916666666,-90.79079677211935,11.607698045267483,101.66666666666666,-78.44436471193414
1940-01-31,12.9691,21.44,-4.10164890689299,107.28664583333334,-90.21589692644035,1.6338554526748652,102.44541666666667,-82.63927211934154
1940-02-29,14.6115,22.68,-46.97417251800408,119.91596249999998,-58.33028998199589,6.439765946502092,99.75541666666666,-83.51518261316875
1940-03-31,19.5669,27.64,-98.06470615997942,129.24400833333334,-11.612402173353912,9.275275205761318,99.54333333333332,-81.17860853909464
1940-04-30,220.8148,35.11,67.95335124742797,132.80485416666667,20.05659458590535,-0.2035828189300588,100.79416666666667,-65.48058384773661
1940-05-31,301.5745,137.62,118.91838674125516,133.80774166666663,48.84837159207821,5.734966563786003,100.07458333333334,31.810450102880665
1940-06-30,390.2062,268.16,188.04174198816875,134.49560416666665,67.66885384516462,-27.690681584362096,99.09541666666665,196.75526491769546
1940-07-31,295.9111,256.55,49.91032485853913,134.8082708333333,111.19250430812755,-44.25869084362142,98.85208333333333,201.9566075102881
1940-08-31,227.6675,168.77,-29.769003690843576,135.26606249999995,122.17044119084362,-15.110372942386803,98.68791666666665,85.19245627572016
1940-09-30,91.5484,120.35,-76.78353887602876,140.02447499999997,28.307463876028798,27.673099279835398,98.40374999999999,-5.72684927983539
1940-10-31,20.7846,66.26,-57.0812061599794,141.9771583333333,-64.11135217335391,17.198438786008253,98.41791666666666,-49.356355452674904
1940-11-30,10.9586,32.85,-43.26661279578187,137.40870416666667,-83.1834913708848,5.256895576131697,96.96666666666664,-69.37356224279834
1940-12-31,11.6099,28.6,-25.335440727880652,127.7361375,-90.79079677211935,14.207281378600825,92.83708333333333,-78.44436471193414
1941-01-31,11.9214,21.83,-14.817198906892969,116.95449583333333,-90.21589692644035,15.83260545267487,88.63666666666667,-82.63927211934154
1941-02-28,26.6462,18.35,-32.60451418467076,117.58100416666666,-58.33028998199589,15.564765946502092,86.30041666666665,-83.51518261316875
1941-03-31,121.7341,25.15,10.106848006687242,123.23965416666667,-11.612402173353912,22.63610853909463,83.69250000000001,-81.17860853909464
1941-04-30,165.512,37.94,19.866634580761307,125.58877083333334,20.05659458590535,22.22975051440328,81.19083333333333,-65.48058384773661
1941-05-31,247.2344,99.96,72.02208674125512,126.36394166666666,48.84837159207821,-12.60461676954732,80.75416666666665,31.810450102880665
1941-06-30,212.4047,206.71,18.35302532150203,126.38282083333334,67.66885384516462,-71.05901491769545,81.01375,196.75526491769546
1941-07-31,214.9532,217.19,-22.619766808127565,126.38046250000002,111.19250430812755,-65.9278575102881,81.16125,201.9566075102881
1941-08-31,323.6616,152.06,74.88770464248974,126.60345416666668,122.17044119084362,-14.529539609053487,81.39708333333333,85.19245627572016
1941-09-30,131.3619,74.47,-25.08166804269549,128.13610416666668,28.307463876028798,-1.3814840534979442,81.57833333333333,-5.72684927983539
1941-10-31,37.3499,52.1,-32.57891865997945,134.04017083333335,-64.11135217335391,20.0563554526749,81.4,-49.356355452674904
1941-11-30,12.9974,36.53,-44.264787795781885,140.44567916666668,-83.1834913708848,23.889812242798357,82.01374999999999,-69.37356224279834
1941-12-31,10.0242,31.15,-38.50154906121399,139.31654583333335,-90.79079677211935,24.642698045267473,84.95166666666667,-78.44436471193414
1942-01-31,13.4505,22.82,-36.090240573559626,139.75663749999998,-90.21589692644035,14.065522119341551,91.39375,-82.63927211934154
1942-02-28,30.4689,23.02,-54.613860018004075,143.41304999999997,-58.33028998199589,8.451432613168734,98.08375000000001,-83.51518261316875
1942-03-31,154.695,24.83,17.344252173353922,148.96314999999998,-11.612402173353912,4.880691872427974,101.12791666666666,-81.17860853909464
1942-04-30,274.2487,33.98,98.61343041409467,155.57867499999998,20.05659458590535,-2.3635828189300554,101.82416666666667,-65.48058384773661
1942-05-31,292.2299,118.65,86.4283034079218,156.95322499999997,48.84837159207821,-14.890450102880664,101.73,31.810450102880665
1942-06-30,140.31,258.53,-84.43714551183123,157.07829166666662,67.66885384516462,-39.61526491769547,101.38999999999997,196.75526491769546
1942-07-31,297.6101,319.98,29.44667069187244,156.970925,111.19250430812755,16.872975823045266,101.15041666666664,201.9566075102881
1942-08-31,328.7586,209.83,47.794333809156385,158.793825,122.17044119084362,23.623793724279864,101.01374999999999,85.19245627572016
1942-09-30,259.4673,89.76,71.24041529063788,159.91942083333333,28.307463876028798,-5.499817386831255,100.98666666666665,-5.72684927983539
1942-10-31,68.0171,53.52,-29.075843659979455,161.20429583333336,-64.11135217335391,0.5351054526749053,102.34125,-49.356355452674904
1942-11-30,15.3194,32.85,-60.96345446244855,159.46634583333335,-83.1834913708848,-0.15310442386829948,102.37666666666665,-69.37356224279834
1942-12-31,10.7038,26.67,-66.4160698945473,167.91066666666666,-90.79079677211935,6.666448045267487,98.44791666666666,-78.44436471193414
1943-01-31,10.1941,21.55,-79.26986140689299,179.67985833333333,-90.21589692644035,7.817605452674883,96.37166666666666,-82.63927211934154
1943-02-28,77.4749,21.01,-38.07089335133743,173.87608333333333,-58.33028998199589,7.316015946502091,97.20916666666666,-83.51518261316875
1943-03-31,134.7033,26.19,-16.593501993312728,162.90920416666665,-11.612402173353912,10.312775205761298,97.05583333333334,-81.17860853909464
1943-04-30,325.0774,65.13,149.13772208076134,155.88308333333333,20.05659458590535,34.03808384773663,96.57249999999998,-65.48058384773661
1943-05-31,199.6904,88.35,-3.4836257587448785,154.32565416666668,48.84837159207821,-39.808783436214,96.34833333333333,31.810450102880665
1943-06-30,435.5132,194.54,213.8974294881687,153.94691666666665,67.66885384516462,-98.28276491769546,96.0675,196.75526491769546
1943-07-31,284.8675,334.14,19.80241235853913,153.87258333333332,111.19250430812755,36.31547582304523,95.86791666666666,201.9566075102881
1943-08-31,202.2106,215.77,-71.40779119084361,151.44795,122.17044119084362,34.8358770576132,95.74166666666665,85.19245627572016
1943-09-30,122.8102,80.14,-49.749188876028775,144.25192499999997,28.307463876028798,-9.55440072016461,95.42125,-5.72684927983539
1943-10-31,36.0473,51.54,-27.32733532664608,127.48598749999998,-64.11135217335391,7.304688786008249,93.59166666666665,-49.356355452674904
1943-11-30,9.9109,29.45,-17.296479462448545,110.39087083333334,-83.1834913708848,6.842312242798357,91.98124999999999,-69.37356224279834
1943-12-31,7.0226,23.33,5.797805105452682,92.01559166666667,-90.79079677211935,8.754781378600796,93.01958333333334,-78.44436471193414
1944-01-31,12.0913,20.1,31.00892192644035,71.298275,-90.21589692644035,15.394688786008231,87.34458333333332,-82.63927211934154
1944-02-29,17.3865,19.43,11.362039981995892,64.35475,-58.33028998199589,24.838515946502078,78.10666666666667,-83.51518261316875
1944-03-31,22.0871,20.08,-29.63583949331275,63.335341666666665,-11.612402173353912,25.15735853909463,76.10125000000001,-81.17860853909464
1944-04-30,35.3111,27.33,-45.88509875257201,61.139604166666665,20.05659458590535,16.14308384773662,76.66749999999999,-65.48058384773661
1944-05-31,79.1739,87.5,-29.898496592078203,60.224025,48.84837159207821,-21.272950102880642,76.96249999999998,31.810450102880665
1944-06-30,115.023,220.31,-12.682278845164625,60.036425,67.66885384516462,-53.477764917695424,77.03249999999998,196.75526491769546
1944-07-31,108.1421,172.17,-63.083287641460885,60.03288333333333,111.19250430812755,-106.54952417695476,76.76291666666664,201.9566075102881
1944-08-31,212.2914,156.03,28.217983809156394,61.902975,122.17044119084362,-5.697872942386809,76.53541666666665,85.19245627572016
1944-09-30,88.2636,91.75,-5.605613876028791,65.56174999999999,28.307463876028798,21.17518261316873,76.30166666666666,-5.72684927983539
1944-10-31,17.8962,53.52,13.964539673353919,68.04301249999999,-64.11135217335391,26.924272119341587,75.95208333333332,-49.356355452674904
1944-11-30,6.0881,34.55,11.825024704218137,77.44656666666666,-83.1834913708848,29.048978909465006,74.87458333333333,-69.37356224279834
1944-12-31,6.343,19.91,10.772138438786016,86.36165833333334,-90.79079677211935,24.730614711934138,73.62375,-78.44436471193414
1945-01-31,12.6859,17.05,12.76691775977369,90.13487916666666,-90.21589692644035,23.505522119341535,76.18375,-82.63927211934154
1945-02-28,61.6741,17.02,24.57308164866256,95.43130833333333,-58.33028998199589,21.649765946502086,78.88541666666666,-83.51518261316875
1945-03-31,65.6101,16.88,-21.629247826646093,98.85175000000001,-11.612402173353912,20.14110853909463,77.9175,-81.17860853909464
1945-04-30,51.3384,22.14,-69.78338208590534,101.0651875,20.05659458590535,10.930583847736628,76.68999999999998,-65.48058384773661
1945-05-31,288.8319,66.83,138.3579034079218,101.625625,48.84837159207821,-40.98586676954734,76.00541666666668,31.810450102880665
1945-06-30,119.3272,210.96,-50.08408301183127,101.74242916666665,67.66885384516462,-61.55734825102877,75.76208333333334,196.75526491769546
1945-07-31,194.3952,242.96,-18.84532097479422,102.04801666666665,111.19250430812755,-34.57327417695478,75.57666666666668,201.9566075102881
1945-08-31,253.1526,150.08,28.21323797582305,102.76892083333334,122.17044119084362,-10.54745627572018,75.43500000000003,85.19245627572016
1945-09-30,129.493,74.47,-9.690263876028773,110.87579999999997,28.307463876028798,4.448099279835374,75.74875000000002,-5.72684927983539
1945-10-31,29.7893,41.34,-28.352622826646083,122.25327499999999,-64.11135217335391,14.12968878600823,76.56666666666668,-49.356355452674904
1945-11-30,7.6455,30.3,-26.34022946244852,117.16922083333331,-83.1834913708848,18.55481224279832,81.11875000000002,-69.37356224279834
1945-12-31,7.5889,18.32,-11.572265727880648,109.9519625,-90.79079677211935,6.442698045267477,90.32166666666667,-78.44436471193414
1946-01-31,18.7741,14.19,-4.559382240226313,113.54937916666667,-90.21589692644035,-1.3619778806584435,98.19124999999998,-82.63927211934154
1946-02-28,72.8876,16.48,15.968319148662559,115.24957083333334,-58.33028998199589,-2.584817386831247,102.58,-83.51518261316875
1946-03-31,248.9617,24.95,147.1863646733539,113.3877375,-11.612402173353912,0.2448585390946505,105.88374999999999,-81.17860853909464
1946-04-30,141.0462,33.7,9.523876247427985,111.46572916666666,20.05659458590535,-8.744832818930064,107.92541666666668,-65.48058384773661
1946-05-31,77.1068,164.52,-82.8781215920782,111.13655,48.84837159207821,24.406216563786018,108.30333333333333,31.810450102880665
1946-06-30,157.8381,334.14,-21.118328845164612,111.28757499999999,67.66885384516462,28.83348508230455,108.55125,196.75526491769546
1946-07-31,242.2223,308.65,19.739862358539114,111.28993333333334,111.19250430812755,-2.5445241769547806,109.23791666666666,201.9566075102881
1946-08-31,246.1301,189.72,13.859033809156372,110.100625,122.17044119084362,-5.462039609053491,109.98958333333333,85.19245627572016
1946-09-30,91.8315,114.12,-37.10932220936211,100.63335833333332,28.307463876028798,9.380599279835407,110.46624999999999,-5.72684927983539
1946-10-31,21.3226,50.69,-2.1642186599794115,87.59817083333331,-64.11135217335391,-11.30322788065844,111.34958333333334,-49.356355452674904
1946-11-30,8.2119,30.02,7.949178870884808,83.44621249999999,-83.1834913708848,-13.701854423868326,113.09541666666667,-69.37356224279834
1946-12-31,10.6471,24.55,18.431775938786018,83.00612083333333,-90.79079677211935,-10.761468621399175,113.75583333333331,-78.44436471193414
1947-01-31,15.7725,24.44,28.355396926440356,77.633,-90.21589692644035,-6.440727880658457,113.52,-82.63927211934154
1947-02-28,47.3458,24.27,38.10737331532923,67.56871666666666,-58.33028998199589,-4.944817386831261,112.73,-83.51518261316875
1947-03-31,47.2891,28.6,-0.942614493312762,59.84411666666667,-11.612402173353912,-1.3705581275720107,111.14916666666666,-81.17860853909464
1947-04-30,29.8743,51.25,-47.34575291923869,57.16345833333334,20.05659458590535,5.109750514403302,111.62083333333331,-65.48058384773661
1947-05-31,88.6317,188.87,-16.68164659207821,56.464974999999995,48.84837159207821,43.71663323045267,113.34291666666667,31.810450102880665
1947-06-30,135.751,325.64,12.015966988168714,56.066179166666664,67.66885384516462,14.75973508230453,114.125,196.75526491769546
1947-07-31,135.3545,311.49,-31.93014180812756,56.0921375,111.19250430812755,-4.858274176954751,114.39166666666664,201.9566075102881
1947-08-31,111.4551,167.92,-66.17506619084361,55.459725,122.17044119084362,-31.779539609053472,114.5070833333333,85.19245627572016
1947-09-30,41.1161,97.98,-40.53912220936213,53.34775833333333,28.307463876028798,-10.644400720164585,114.35124999999998,-5.72684927983539
1947-10-31,7.7022,78.15,17.48532300668724,54.32822916666667,-64.11135217335391,14.012605452674919,113.49374999999999,-49.356355452674904
1947-11-30,5.0687,43.89,33.718666370884804,54.53352499999999,-83.1834913708848,2.2589789094650428,111.0045833333333,-69.37356224279834
1947-12-31,4.2192,29.45,45.05908427211934,49.95091250000001,-90.79079677211935,-6.697301954732495,114.59166666666664,-78.44436471193414
1948-01-31,22.8234,25.94,60.99765942644036,52.04163749999999,-90.21589692644035,-9.905727880658446,118.48499999999999,-82.63927211934154
1948-02-29,25.117,25.54,19.349752481995907,64.09753749999999,-58.33028998199589,-8.41481738683126,117.47,-83.51518261316875
1948-03-31,18.8307,23.59,-47.993381159979414,78.43648333333333,-11.612402173353912,-12.996391460905343,117.76499999999999,-81.17860853909464
1948-04-30,81.86399999999998,35.68,-24.835065419238695,86.64247083333332,20.05659458590535,-14.976499485596705,116.13708333333332,-65.48058384773661
1948-05-31,41.5691,144.7,-95.28449242541154,88.00522083333333,48.84837159207821,-1.2658667695473298,114.15541666666665,31.810450102880665
1948-06-30,72.8309,455.9,-83.10274551183127,88.26479166666665,67.66885384516462,145.77598508230454,113.36874999999999,196.75526491769546
1948-07-31,248.452,274.67,49.30029152520578,87.95920416666665,111.19250430812755,-40.229524176954726,112.94291666666665,201.9566075102881
1948-08-31,287.6992,180.38,78.03677964248975,87.49197916666665,122.17044119084362,-17.217456275720167,112.405,85.19245627572016
1948-09-30,209.0067,92.6,92.64327779063788,88.05595833333332,28.307463876028798,-13.634400720164608,111.96124999999999,-5.72684927983539
1948-10-31,36.7553,44.46,14.324464673353908,86.5421875,-64.11135217335391,-18.021977880658426,111.83833333333332,-49.356355452674904
1948-11-30,8.7216,30.02,7.076070537551473,84.82902083333332,-83.1834913708848,-12.77518775720165,112.16874999999999,-69.37356224279834
1948-12-31,6.796,24.44,8.392259272119361,89.1945375,-90.79079677211935,0.071864711934154,102.81249999999999,-78.44436471193414
1949-01-31,12.9125,20.73,10.285701093106994,92.84269583333335,-90.21589692644035,14.868438786008213,88.50083333333333,-82.63927211934154
1949-02-28,23.8145,17.84,-8.341710018004122,90.4865,-58.33028998199589,19.414349279835434,81.94083333333332,-83.51518261316875
1949-03-31,33.6687,20.64,-37.50557282664609,82.786675,-11.612402173353912,22.60360853909465,79.21499999999999,-81.17860853909464
1949-04-30,30.6955,35.68,-65.41189875257203,76.05080416666667,20.05659458590535,22.93725051440328,78.22333333333333,-65.48058384773661
1949-05-31,51.6216,152.63,-72.0375340920782,74.8107625,48.84837159207821,42.785383230452666,78.03416666666666,31.810450102880665
1949-06-30,167.5508,223.42,25.30597532150206,74.57597083333333,67.66885384516462,-51.23109825102881,77.89583333333334,196.75526491769546
1949-07-31,241.2879,163.67,55.854504025205785,74.24089166666666,111.19250430812755,-115.82369084362145,77.53708333333333,201.9566075102881
1949-08-31,238.3146,133.94,42.444825475823066,73.69933333333334,122.17044119084362,-28.596206275720164,77.34375,85.19245627572016
1949-09-30,73.5955,73.62,-27.45560554269546,72.74364166666666,28.307463876028798,1.8626826131687277,77.48416666666667,-5.72684927983539
1949-10-31,10.5056,39.64,-2.2621311599794325,76.87908333333334,-64.11135217335391,11.658438786008247,77.33791666666666,-49.356355452674904
1949-11-30,5.2103,30.3,1.46222470421813,86.93156666666667,-83.1834913708848,26.016895576131688,73.65666666666665,-69.37356224279834
1949-12-31,4.6723,20.84,3.6079342721193512,91.8551625,-90.79079677211935,25.958114711934158,73.32624999999999,-78.44436471193414
1950-01-31,6.9943,15.72,4.1173510931070325,93.09284583333331,-90.21589692644035,11.428855452674895,86.93041666666664,-82.63927211934154
1950-02-28,16.7353,18.21,-20.958047518004122,96.0236375,-58.33028998199589,0.7543492798354237,100.97083333333333,-83.51518261316875
1950-03-31,17.8113,23.64,-71.2132186599794,100.63692083333332,-11.612402173353912,-1.7563914609053484,106.57499999999999,-81.17860853909464
1950-04-30,145.8035,29.17,20.886059580761334,104.86084583333333,20.05659458590535,-14.591082818930047,109.24166666666666,-65.48058384773661
1950-05-31,177.7732,70.79,22.979686741255122,105.94514166666667,48.84837159207821,-70.93461676954732,109.91416666666666,31.810450102880665
1950-06-30,159.5655,297.33,-14.367058011831304,106.26370416666667,67.66885384516462,-9.780681584362128,110.35541666666666,196.75526491769546
1950-07-31,278.9776,416.26,60.5196873585391,107.26540833333334,111.19250430812755,103.18797582304524,111.11541666666666,201.9566075102881
1950-08-31,270.9639,218.32,22.020104642489756,126.77335416666665,122.17044119084362,21.29129372427984,111.83624999999999,85.19245627572016
1950-09-30,151.665,123.74,-41.86773887602879,165.22527499999998,28.307463876028798,17.203515946502037,112.26333333333335,-5.72684927983539
1950-10-31,33.8103,53.52,-92.37465199331274,190.29630416666666,-64.11135217335391,-10.390727880658424,113.26708333333333,-49.356355452674904
1950-11-30,7.9287,32.56,-106.33293779578186,197.44512916666665,-83.1834913708848,-17.551021090534988,119.48458333333333,-69.37356224279834
1950-12-31,9.5994,29.17,-100.52964489454733,200.91984166666668,-90.79079677211935,-16.848968621399194,124.46333333333334,-78.44436471193414
1951-01-31,26.1081,25.63,-83.05375307355966,199.37775000000002,-90.21589692644035,-15.367811213991786,123.63708333333332,-82.63927211934154
1951-02-28,465.8122,25.6,330.4859233153293,193.65656666666666,-58.33028998199589,-15.076484053497921,124.19166666666666,-83.51518261316875
1951-03-31,491.5805,26.5,315.4179771733539,187.77492500000002,-11.612402173353912,-16.77305812757203,124.45166666666667,-81.17860853909464
1951-04-30,273.73900000000003,50.4,69.94026791409468,183.7421375,20.05659458590535,-8.653999485596714,124.53458333333332,-65.48058384773661
1951-05-31,221.4095,198.78,-10.523825758744849,183.08495416666665,48.84837159207821,41.137049897119326,125.83250000000001,31.810450102880665
1951-06-30,199.3223,288.83,-51.36897884516458,183.02242499999997,67.66885384516462,-34.28859825102879,126.36333333333332,196.75526491769546
1951-07-31,202.2106,404.93,-91.64683347479425,182.6649291666667,111.19250430812755,76.52047582304522,126.45291666666665,201.9566075102881
1951-08-31,210.4225,242.96,-76.96851202417695,165.22057083333334,122.17044119084362,31.379627057613177,126.38791666666667,85.19245627572016
1951-09-30,71.047,105.34,-91.24754720936212,133.98708333333332,28.307463876028798,-15.157317386831282,126.22416666666668,-5.72684927983539
1951-10-31,17.6414,73.91,-37.42815615997944,119.18090833333335,-64.11135217335391,-2.68947788065843,125.95583333333333,-49.356355452674904
1951-11-30,8.3252,43.32,-29.18362529578188,120.69231666666667,-83.1834913708848,-11.363104423868336,124.05666666666667,-69.37356224279834
1951-12-31,7.7022,31.15,-25.774319894547304,124.26731666666666,-90.79079677211935,-12.621885288065855,122.21625,-78.44436471193414
1952-01-31,19.4254,25.8,-23.748765573559652,133.3900625,-90.21589692644035,-8.444061213991787,116.88333333333333,-82.63927211934154
1952-02-29,53.8303,23.87,-41.73323501800411,153.893825,-58.33028998199589,-1.9352340534979078,109.32041666666666,-83.51518261316875
1952-03-31,153.9587,24.3,-11.164981159979435,176.73608333333334,-11.612402173353912,-0.7151414609053433,106.19374999999998,-81.17860853909464
1952-04-30,256.0126,46.16,45.243201247428026,190.71280416666664,20.05659458590535,7.122250514403277,104.51833333333333,-65.48058384773661
1952-05-31,275.4097,157.44,31.270636741255103,195.29069166666667,48.84837159207821,22.679133230452678,102.95041666666665,31.810450102880665
1952-06-30,231.1221,286.0,-32.87454967849797,196.32779583333334,67.66885384516462,-12.729848251028784,101.97458333333333,196.75526491769546
1952-07-31,389.3567,279.77,81.80572485853912,196.3584708333333,111.19250430812755,-23.80702417695477,101.62041666666666,201.9566075102881
1952-08-31,515.3667,186.61,198.69490047582303,194.50135833333337,122.17044119084362,-0.1782896090534507,101.5958333333333,85.19245627572016
1952-09-30,314.317,86.65,97.20811945730455,188.80141666666665,28.307463876028798,-9.236900720164586,101.61374999999998,-5.72684927983539
1952-10-31,109.8127,52.39,-9.110168659979422,183.03422083333334,-64.11135217335391,1.0001054526749158,100.74624999999999,-49.356355452674904
1952-11-30,26.0232,27.21,-64.03344196244852,173.24013333333332,-83.1834913708848,-1.0606044238682983,97.64416666666664,-69.37356224279834
1952-12-31,14.8947,23.84,-54.2362823945473,159.92177916666665,-90.79079677211935,6.646031378600796,95.63833333333335,-78.44436471193414
1953-01-31,12.9691,24.61,-44.60301557355966,147.7880125,-90.21589692644035,9.227605452674865,98.02166666666668,-82.63927211934154
1953-02-28,15.7159,24.47,-54.70110168467076,128.74729166666665,-58.33028998199589,7.438515946502079,100.54666666666667,-83.51518261316875
1953-03-31,55.2745,24.13,-46.590531159979406,113.47743333333332,-11.612402173353912,4.148608539094639,101.16,-81.17860853909464
1953-04-30,216.2841,25.51,87.46954291409466,108.75796249999999,20.05659458590535,-10.534832818930056,101.52541666666667,-65.48058384773661
1953-05-31,80.0801,103.64,-75.4331465920782,106.664875,48.84837159207821,-30.355450102880667,102.185,31.810450102880665
1953-06-30,106.8112,291.66,-66.82168301183128,105.96402916666666,67.66885384516462,-7.904848251028739,102.80958333333332,196.75526491769546
1953-07-31,222.4572,331.31,5.325445691872446,105.93925,111.19250430812755,26.423392489711887,102.92999999999999,201.9566075102881
1953-08-31,225.2889,195.67,-3.5369703575102562,106.65542916666665,122.17044119084362,7.511293724279838,102.96624999999999,85.19245627572016
1953-09-30,237.9182,92.31,103.00014445730454,106.61059166666665,28.307463876028798,-4.990234053497945,103.02708333333334,-5.72684927983539
1953-10-31,72.9442,55.5,37.40264800668726,99.65290416666664,-64.11135217335391,1.555522119341589,103.30083333333332,-49.356355452674904
1953-11-30,12.6576,39.93,1.1625163708848163,94.67857499999998,-83.1834913708848,3.9977289094650104,105.30583333333333,-69.37356224279834
1953-12-31,11.44,26.11,1.9985842721193734,100.23221249999997,-90.79079677211935,-5.011051954732537,109.56541666666668,-78.44436471193414
1954-01-31,15.8291,25.23,0.03143025977368552,106.01356666666666,-90.21589692644035,-11.489061213991803,119.35833333333335,-82.63927211934154
1954-02-28,30.0442,24.72,-16.69753918467076,105.07202916666665,-58.33028998199589,-22.31981738683126,130.555,-83.51518261316875
1954-03-31,39.8701,25.34,-43.219656159979415,94.70215833333333,-11.612402173353912,-31.04472479423869,137.56333333333333,-81.17860853909464
1954-04-30,64.704,30.87,-39.68134458590536,84.32875,20.05659458590535,-44.87024948559669,141.2208333333333,-65.48058384773661
1954-05-31,112.2763,146.4,-18.145829925411547,81.57375833333334,48.84837159207821,-27.58670010288064,142.17624999999998,31.810450102880665
1954-06-30,207.9023,351.13,58.966450321502066,81.26699583333331,67.66885384516462,11.339735082304543,143.035,196.75526491769546
1954-07-31,260.1186,506.87,67.87501235853915,81.05108333333331,111.19250430812755,161.4738091563786,143.43958333333333,201.9566075102881
1954-08-31,165.0306,288.83,-37.70835785751028,80.56851666666665,122.17044119084362,60.25462705761319,143.38291666666663,85.19245627572016
1954-09-30,49.2996,167.35,-60.117938876028795,81.110075,28.307463876028798,29.941432613168757,143.13541666666663,-5.72684927983539
1954-10-31,12.601,68.24,-5.72507699331274,82.43742916666665,-64.11135217335391,-25.424477880658387,143.0208333333333,-49.356355452674904
1954-11-30,6.881,50.12,9.691828870884805,80.37266249999999,-83.1834913708848,-20.35310442386826,139.8466666666666,-69.37356224279834
1954-12-31,9.8543,36.53,29.501363438786022,71.14373333333333,-90.79079677211935,-19.232718621399172,134.20708333333332,-78.44436471193414
1955-01-31,12.2329,24.52,47.54477609310702,54.904020833333334,-90.21589692644035,-20.086977880658452,127.24624999999999,-82.63927211934154
1955-02-28,22.0588,24.07,36.89203998199589,43.49705,-58.33028998199589,-11.92148405349792,119.50666666666666,-83.51518261316875
1955-03-31,60.8529,20.05,28.456185506687248,44.009116666666664,-11.612402173353912,-12.56764146090535,113.79624999999999,-81.17860853909464
1955-04-30,75.5777,33.41,7.547626247427978,47.973479166666664,20.05659458590535,-11.767332818930043,110.65791666666665,-65.48058384773661
1955-05-31,51.8482,67.68,-48.80704659207821,51.806875,48.84837159207821,-73.65586676954729,109.52541666666663,31.810450102880665
1955-06-30,46.8361,294.5,-75.73560384516462,54.90285,67.66885384516462,-10.750681584362098,108.49541666666666,196.75526491769546
1955-07-31,31.4317,396.44,-135.93672930812755,56.175925,111.19250430812755,86.40214248971193,108.08124999999997,201.9566075102881
1955-08-31,119.9502,213.51,-58.56252869084362,56.3422875,122.17044119084362,20.312960390946515,108.00458333333331,85.19245627572016
1955-09-30,106.6696,105.62,7.493302790637877,70.86883333333333,28.307463876028798,3.3647659465020876,107.9820833333333,-5.72684927983539
1955-10-31,50.3757,54.65,12.66790217335393,101.81914999999998,-64.11135217335391,-5.200311213991718,109.20666666666662,-49.356355452674904
1955-11-30,61.1078,36.53,21.915291370884802,122.37599999999999,-83.1834913708848,-9.473521090534973,115.37708333333332,-69.37356224279834
1955-12-31,29.9309,25.4,-10.479715727880645,131.2014125,-90.79079677211935,-23.779385288065825,127.62374999999997,-78.44436471193414
1956-01-31,22.7101,25.71,-26.08614474022633,139.01214166666668,-90.21589692644035,-24.347811213991776,132.69708333333332,-82.63927211934154
1956-02-29,15.5743,21.04,-71.02577251800412,144.9303625,-58.33028998199589,-25.81773405349793,130.37291666666667,-83.51518261316875
1956-03-31,415.9745,22.54,276.59437717335396,150.99252499999997,-11.612402173353912,-26.20639146090535,129.92499999999998,-81.17860853909464
1956-04-30,463.2637,60.31,285.745363747428,157.46174166666663,20.05659458590535,-4.122749485596714,129.91333333333333,-65.48058384773661
1956-05-31,157.5266,188.87,-53.85576742541154,162.53399583333334,48.84837159207821,27.004966563786,130.05458333333334,31.810450102880665
1956-06-30,152.9676,467.23,-80.88812467849792,166.1868708333333,67.66885384516462,140.29890174897122,130.17583333333334,196.75526491769546
1956-07-31,112.7577,345.47,-166.77611680812754,168.3413125,111.19250430812755,13.09922582304523,130.4141666666667,201.9566075102881
1956-08-31,180.6615,208.7,-112.15925369084358,170.65031249999996,122.17044119084362,-7.148706275720173,130.65625,85.19245627572016
1956-09-30,191.4502,99.68,6.235536123971237,156.90719999999996,28.307463876028798,-25.45231738683131,130.8591666666667,-5.72684927983539
1956-10-31,120.8563,60.31,61.42241884002058,123.54523333333333,-64.11135217335391,-19.792394547325102,129.45875,-49.356355452674904
1956-11-30,112.3613,34.26,94.52561220421813,101.01917916666666,-83.1834913708848,-27.261437757201676,130.895,-69.37356224279834
1956-12-31,66.3464,30.58,59.02403427211934,98.11316250000002,-90.79079677211935,-20.678968621399207,129.70333333333335,-78.44436471193414
1957-01-31,38.0012,26.25,29.240271926440343,98.976825,-90.21589692644035,-12.318644547325107,121.20791666666665,-82.63927211934154
1957-02-28,55.6992,26.31,17.230702481995884,96.7987875,-58.33028998199589,-4.008150720164565,113.83333333333331,-83.51518261316875
1957-03-31,46.0149,22.14,-34.986493659979416,92.61379583333333,-11.612402173353912,-6.998474794238675,110.31708333333331,-81.17860853909464
1957-04-30,32.5361,27.1,-75.8631654192387,88.34267083333334,20.05659458590535,-17.158582818930043,109.73916666666666,-65.48058384773661
1957-05-31,47.6289,256.55,-87.28735492541155,86.06788333333334,48.84837159207821,114.84663323045267,109.89291666666666,31.810450102880665
1957-06-30,193.1209,370.95,40.036629488168714,85.41541666666667,67.66885384516462,64.36181841563786,109.83291666666668,196.75526491769546
1957-07-31,93.3323,237.86,-104.03663764146089,86.17643333333334,111.19250430812755,-73.7478575102881,109.65125,201.9566075102881
1957-08-31,147.814,139.32,-61.41424119084364,87.05780000000001,122.17044119084362,-55.48453960905351,109.61208333333335,85.19245627572016
1957-09-30,123.8579,84.67,8.75810279063787,86.79233333333333,28.307463876028798,-19.358150720164602,109.755,-5.72684927983539
1957-10-31,85.9416,61.45,62.81345217335391,87.23949999999999,-64.11135217335391,0.8105221193415701,109.99583333333334,-49.356355452674904
1957-11-30,92.6811,36.81,79.28997053755148,96.57462083333331,-83.1834913708848,-0.6181044238683171,106.80166666666666,-69.37356224279834
1957-12-31,70.3674,26.59,54.4650176054527,106.69317916666665,-90.79079677211935,0.43894804526749454,104.59541666666665,-78.44436471193414
1958-01-31,52.2446,25.88,20.15057192644035,122.30992499999999,-90.21589692644035,1.988438786008203,106.53083333333333,-82.63927211934154
1958-02-28,62.6086,25.74,-22.082451684670787,143.02134166666667,-58.33028998199589,-0.07231738683125855,109.3275,-83.51518261316875
1958-03-31,32.7343,26.14,-110.12172282664609,154.468425,-11.612402173353912,-4.285974794238669,111.60458333333331,-81.17860853909464
1958-04-30,56.5487,28.88,-123.36949875257201,159.86160416666667,20.05659458590535,-17.64483281893004,112.00541666666665,-65.48058384773661
1958-05-31,247.6592,178.11,37.68676590792178,161.1240625,48.84837159207821,34.600799897119344,111.69875,31.810450102880665
1958-06-30,235.936,396.44,5.918383654835395,162.3487625,67.66885384516462,88.29598508230453,111.38875,196.75526491769546
1958-07-31,425.3191,258.82,151.2634123585391,162.86318333333335,111.19250430812755,-54.46077417695477,111.32416666666666,201.9566075102881
1958-08-31,312.9012,185.48,28.90232130915639,161.8284375,122.17044119084362,-10.74787294238682,111.03541666666665,85.19245627572016
1958-09-30,233.5007,93.16,43.68572362397118,161.50751250000002,28.307463876028798,-11.885234053497927,110.77208333333331,-5.72684927983539
1958-10-31,105.7351,62.58,8.977248006687248,160.86920416666666,-64.11135217335391,0.9521887860082501,110.98416666666665,-49.356355452674904
1958-11-30,103.1866,28.32,33.755249704218144,152.61484166666665,-83.1834913708848,-12.075604423868313,109.76916666666665,-69.37356224279834
1958-12-31,89.2547,27.64,40.8953176054527,139.15017916666665,-90.79079677211935,-0.6406352880658517,106.725,-78.44436471193414
1959-01-31,45.7034,23.28,19.382480259773672,116.53681666666668,-90.21589692644035,-5.241561213991787,111.16083333333333,-82.63927211934154
1959-02-28,44.3159,21.41,14.225644148662553,88.42054583333334,-58.33028998199589,-14.163984053497927,119.08916666666667,-83.51518261316875
1959-03-31,43.3248,24.15,-14.483918659979404,69.42112083333332,-11.612402173353912,-18.196808127572027,123.52541666666666,-81.17860853909464
1959-04-30,30.6388,35.96,-52.03933208590534,62.621537499999995,20.05659458590535,-25.60108281893004,127.04166666666666,-65.48058384773661
1959-05-31,75.4644,141.87,-36.05860075874487,62.67462916666666,48.84837159207821,-19.27086676954734,129.33041666666668,31.810450102880665
1959-06-30,84.9789,359.62,-42.770049678497955,60.08009583333333,67.66885384516462,31.74848508230454,131.11625,196.75526491769546
1959-07-31,33.5555,402.1,-134.31789597479423,56.68089166666666,111.19250430812755,68.08130915637855,132.06208333333333,201.9566075102881
1959-08-31,29.8743,232.48,-146.78247452417693,54.48633333333333,122.17044119084362,14.534210390946498,132.75333333333333,85.19245627572016
1959-09-30,60.5414,152.63,-20.13925137602878,52.373187499999986,28.307463876028798,24.806849279835376,133.55,-5.72684927983539
1959-10-31,115.5044,87.5,128.9038188400206,50.71193333333332,-64.11135217335391,1.8584387860082359,134.99791666666667,-49.356355452674904
1959-11-30,94.6915,58.33,127.71169553755146,50.16329583333333,-83.1834913708848,-6.3739377572016735,134.07750000000001,-69.37356224279834
1959-12-31,35.481,40.49,75.14926760545268,51.122529166666666,-90.79079677211935,-9.739385288065861,128.67375,-78.44436471193414
1960-01-31,17.8962,33.13,53.74610942644034,54.36598750000001,-90.21589692644035,-8.409477880658443,124.17875,-82.63927211934154
1960-02-29,19.4537,28.15,20.10021498199589,57.683775,-58.33028998199589,-9.552317386831248,121.21749999999999,-83.51518261316875
1960-03-31,17.4715,36.53,-30.484122826646093,59.568025000000006,-11.612402173353912,0.5736085390946357,117.135,-81.17860853909464
1960-04-30,16.622,58.33,-63.04863625257202,59.614041666666665,20.05659458590535,9.979333847736626,113.83124999999998,-65.48058384773661
1960-05-31,76.3139,97.41,-30.156896592078205,57.622425,48.84837159207821,-46.084616769547324,111.68416666666666,31.810450102880665
1960-06-30,107.151,274.39,-16.967491345164632,56.44963750000001,67.66885384516462,-32.5535982510288,110.18833333333332,196.75526491769546
1960-07-31,89.2264,379.45,0.26056529063786965,107.96293995627572,111.19250430812755,0.05859310699588495,106.0611908436214,201.9566075102881
1960-08-31,53.8303,184.06,0.26056529063786965,107.96293995627572,122.17044119084362,0.05859310699588495,106.0611908436214,85.19245627572016
1960-09-30,81.8074,103.07,0.26056529063786965,107.96293995627572,28.307463876028798,0.05859310699588495,106.0611908436214,-5.72684927983539
1960-10-31,95.3428,57.77,0.26056529063786965,107.96293995627572,-64.11135217335391,0.05859310699588495,106.0611908436214,-49.356355452674904
1960-11-30,67.0543,36.53,0.26056529063786965,107.96293995627572,-83.1834913708848,0.05859310699588495,106.0611908436214,-69.37356224279834
1960-12-31,34.9713,26.39,0.26056529063786965,107.96293995627572,-90.79079677211935,0.05859310699588495,106.0611908436214,-78.44436471193414
