,american_flow,columbia_flow,american_flow_d,columbia_flow_d,american_flow_t,columbia_flow_t,american_flow_s,american_flow_r,columbia_flow_s,columbia_flow_r
1933-01-31,10.7887,24.1,-91.56755676133963,-72.49628991804431,102.35625676133964,96.5962899180443,17.96502142857143,-7.176321428571429,23.529642857142864,0.5703571428571372
1933-02-28,14.6115,20.81,-87.76707396510989,-75.84438331867574,102.3785739651099,96.65438331867574,48.651389285714295,-34.039889285714295,22.438571428571425,-1.6285714285714263
1933-03-31,19.6236,22.96,-82.77729116888015,-73.75247671930717,102.40089116888015,96.71247671930718,93.60740357142856,-73.98380357142857,24.64964285714285,-1.6896428571428501
1933-04-30,21.9739,37.66,-80.44930837265039,-59.110570119938615,102.4232083726504,96.77057011993861,124.23309642857141,-102.25919642857141,40.27535714285714,-2.6153571428571425
1933-05-31,28.0054,118.93,-74.44012557642066,22.10133647942996,102.44552557642066,96.82866352057005,152.41646071428573,-124.41106071428572,136.9525,-18.02249999999998
1933-06-30,66.0632,331.31,-36.40464278019091,234.42324307879852,102.4678427801909,96.88675692120148,172.05925357142857,-105.99605357142858,303.5464285714285,27.76357142857148
1933-07-31,113.4373,399.27,10.94714001603883,302.32514967816707,102.49015998396116,96.94485032183292,214.74892499999996,-101.31162499999996,310.77821428571434,88.49178571428564
1933-08-31,162.0007,250.89,59.488222812268575,153.88705627753563,102.51247718773142,97.00294372246435,224.08842857142858,-62.087728571428585,191.23035714285714,59.65964285714284
1933-09-30,156.6771,116.1,54.14230560849832,19.038962876904222,102.53479439150168,97.06103712309577,134.5808857142857,22.096214285714296,100.69678571428571,15.403214285714284
1933-10-31,17.9246,69.38,-84.63251159527192,-27.739130523727212,102.55711159527192,97.11913052372721,45.93498214285715,-28.01038214285715,57.05857142857143,12.321428571428562
1933-11-30,7.0792,52.95,-95.50022879904218,-44.22722392435864,102.57942879904218,97.17722392435864,26.597610714285715,-19.518410714285714,36.996428571428574,15.95357142857143
1933-12-31,4.0493,40.21,-98.55244600281243,-57.02531732499008,102.60174600281243,97.23531732499008,18.249203571428573,-14.199903571428575,27.770714285714288,12.439285714285713
1934-01-31,11.5816,35.4,-91.0424632065827,-61.893410725621514,102.62406320658269,97.29341072562151,17.96502142857143,-6.383421428571429,23.529642857142864,11.870357142857134
1934-02-28,18.5192,28.88,-84.12718041035295,-68.47150412625295,102.64638041035295,97.35150412625295,48.651389285714295,-30.132189285714293,22.438571428571425,6.441428571428574
1934-03-31,53.8586,33.41,-48.81009761412319,-63.999597526884386,102.66869761412319,97.40959752688438,93.60740357142856,-39.74880357142856,24.64964285714285,8.760357142857146
1934-04-30,75.8608,102.22,-26.83021481789345,4.752309072484181,102.69101481789345,97.46769092751582,124.23309642857141,-48.37229642857142,40.27535714285714,61.94464285714286
1934-05-31,89.3963,259.67,-13.317032021663707,162.14421567185275,102.7133320216637,97.52578432814727,152.41646071428573,-63.02016071428574,136.9525,122.71750000000003
1934-06-30,116.2973,390.77,13.561650774566047,293.1861222712213,102.73564922543396,97.5838777287787,172.05925357142857,-55.76195357142856,303.5464285714285,87.22357142857146
1934-07-31,87.4991,277.51,-15.258866429204218,179.86802887058985,102.75796642920422,97.64197112941014,214.74892499999996,-127.24982499999996,310.77821428571434,-33.26821428571435
1934-08-31,45.1371,194.82,-57.64318363297446,97.11993546995843,102.78028363297446,97.70006453004156,224.08842857142858,-178.95132857142858,191.23035714285714,3.5896428571428487
1934-09-30,18.7174,97.98,-84.08520083674472,0.22184206932701045,102.80260083674472,97.758157930673,134.5808857142857,-115.8634857142857,100.69678571428571,-2.716785714285706
1934-10-31,5.4368,49.84,-97.38811804051497,-47.976251331304425,102.82491804051497,97.81625133130443,45.93498214285715,-40.498182142857154,57.05857142857143,-7.21857142857143
1934-11-30,5.5501,40.78,-97.29713524428523,-57.09434473193585,102.84723524428523,97.87434473193585,26.597610714285715,-21.047510714285714,36.996428571428574,3.7835714285714275
1934-12-31,4.1626,27.44,-98.70695244805549,-70.49243813256729,102.86955244805549,97.93243813256728,18.249203571428573,-14.086603571428572,27.770714285714288,-0.3307142857142864
1935-01-31,6.2014,22.65,-96.69046965182574,-75.34053153319871,102.89186965182574,97.99053153319872,17.96502142857143,-11.76362142857143,23.529642857142864,-0.8796428571428656
1935-02-28,33.244,27.61,-69.67018685559599,-70.43862493383016,102.91418685559599,98.04862493383015,48.651389285714295,-15.407389285714295,22.438571428571425,5.171428571428574
1935-03-31,33.0174,28.18,-69.91910405936625,-69.92671833446158,102.93650405936626,98.10671833446159,93.60740357142856,-60.59000357142856,24.64964285714285,3.5303571428571487
1935-04-30,80.3066,34.55,-22.652221263136497,-63.61481173509303,102.9588212631365,98.16481173509302,124.23309642857141,-43.92649642857141,40.27535714285714,-5.725357142857142
1935-05-31,74.1901,95.71,-28.791038466906755,-2.5129051357244663,102.98113846690676,98.22290513572446,152.41646071428573,-78.22636071428573,136.9525,-41.24249999999999
1935-06-30,96.0791,291.66,-6.924355670677016,193.37900146364413,103.00345567067701,98.2809985363559,172.05925357142857,-75.98015357142857,303.5464285714285,-11.886428571428496
1935-07-31,382.5606,339.8,279.53482712555274,241.46090806301268,103.02577287444728,98.33909193698733,214.74892499999996,167.81167500000006,310.77821428571434,29.02178571428567
1935-08-31,298.1764,208.13,195.1283099217825,109.73281466238123,103.04809007821751,98.39718533761877,224.08842857142858,74.08797142857142,191.23035714285714,16.89964285714285
1935-09-30,164.2944,103.07,61.22399271801223,4.614721261749793,103.07040728198777,98.4552787382502,134.5808857142857,29.713514285714297,100.69678571428571,2.3732142857142833
1935-10-31,28.5717,47.29,-74.52102448575803,-51.223372138881636,103.09272448575803,98.51337213888164,45.93498214285715,-17.36328214285715,57.05857142857143,-9.768571428571434
1935-11-30,7.7305,30.3,-95.38454168952828,-68.27146553951307,103.11504168952828,98.57146553951307,26.597610714285715,-18.867110714285715,36.996428571428574,-6.696428571428573
1935-12-31,6.257999999999999,25.37,-96.87935889329853,-73.2595589401445,103.13735889329853,98.6295589401445,18.249203571428573,-11.991203571428574,27.770714285714288,-2.4007142857142867
1936-01-31,11.8081,23.47,-91.35157609706879,-75.21765234077594,103.15967609706878,98.68765234077594,17.96502142857143,-6.1569214285714295,23.529642857142864,-0.059642857142865324
1936-02-29,20.1899,21.24,-82.99209330083903,-77.50574574140737,103.18199330083903,98.74574574140736,48.651389285714295,-28.461489285714293,22.438571428571425,-1.1985714285714266
1936-03-31,21.4075,22.65,-81.7968105046093,-76.1538391420388,103.2043105046093,98.80383914203881,93.60740357142856,-72.19990357142856,24.64964285714285,-1.9996428571428524
1936-04-30,190.3175,41.63,87.09087229162044,-57.23193254267023,103.22662770837955,98.86193254267023,124.23309642857141,66.08440357142858,40.27535714285714,1.3546428571428635
1936-05-31,382.2775,136.2,279.0285550878502,37.27997405669832,103.2489449121498,98.92002594330167,152.41646071428573,229.86103928571424,136.9525,-0.7524999999999977
1936-06-30,197.2269,291.66,93.95563788407995,192.68188065606694,103.27126211592005,98.97811934393309,172.05925357142857,25.16764642857143,303.5464285714285,-11.886428571428496
1936-07-31,297.0438,233.33,193.75022068030967,134.29378725543546,103.29357931969031,99.03621274456455,214.74892499999996,82.29487500000002,310.77821428571434,-77.44821428571433
1936-08-31,263.7715,162.82,160.45560347653944,63.72569385480402,103.31589652346057,99.09430614519597,224.08842857142858,39.683071428571424,191.23035714285714,-28.41035714285715
1936-09-30,163.6714,77.59,60.33318627276918,-21.562399545827404,103.33821372723082,99.15239954582741,134.5808857142857,29.090514285714306,100.69678571428571,-23.106785714285706
1936-10-31,38.6242,38.79,-64.73633093100108,-60.42049294645884,103.36053093100108,99.21049294645884,45.93498214285715,-7.31078214285715,57.05857142857143,-18.268571428571434
1936-11-30,13.1107,22.68,-90.27214813477133,-76.58858634709028,103.38284813477132,99.26858634709029,26.597610714285715,-13.486910714285715,36.996428571428574,-14.316428571428574
1936-12-31,11.8931,22.26,-91.51206533854157,-77.06667974772171,103.40516533854158,99.32667974772171,18.249203571428573,-6.356103571428573,27.770714285714288,-5.510714285714286
1937-01-31,13.8753,16.82,-89.55218254231184,-82.56477314835314,103.42748254231184,99.38477314835313,17.96502142857143,-4.08972142857143,23.529642857142864,-6.709642857142864
1937-02-28,16.2822,16.99,-87.16759974608209,-82.45286654898459,103.44979974608209,99.44286654898458,48.651389285714295,-32.3691892857143,22.438571428571425,-5.448571428571427
1937-03-31,19.5103,19.06,-83.96181694985235,-80.440959949616,103.47211694985235,99.500959949616,93.60740357142856,-74.09710357142856,24.64964285714285,-5.589642857142852
1937-04-30,25.5135,25.49,-77.9809341536226,-74.06905335024744,103.49443415362259,99.55905335024744,124.23309642857141,-98.7195964285714,40.27535714285714,-14.78535714285714
1937-05-31,177.7449,81.27,74.22814864260715,-18.347146750878878,103.51675135739285,99.61714675087887,152.41646071428573,25.328439285714268,136.9525,-55.68249999999999
1937-06-30,188.1372,218.04,84.5981314388369,118.36475984848968,103.5390685611631,99.67524015151031,172.05925357142857,16.077946428571437,303.5464285714285,-85.50642857142853
1937-07-31,241.3728,265.33,137.81141423506665,165.59666644785824,103.56138576493336,99.73333355214174,214.74892499999996,26.623875000000055,310.77821428571434,-45.44821428571436
1937-08-31,306.9547,165.09,203.37099703129638,65.29857304722682,103.58370296870362,99.79142695277318,224.08842857142858,82.86627142857142,191.23035714285714,-26.14035714285714
1937-09-30,103.3282,99.11,-0.2778201724738807,-0.7395203534046146,103.60602017247388,99.84952035340461,134.5808857142857,-31.252685714285704,100.69678571428571,-1.5867857142857105
1937-10-31,24.7206,52.39,-78.90773737624411,-47.51761375403605,103.62833737624412,99.90761375403605,45.93498214285715,-21.21438214285715,57.05857142857143,-4.668571428571433
1937-11-30,8.9481,54.09,-94.70255458001438,-45.87570715466748,103.65065458001438,99.96570715466748,26.597610714285715,-17.649510714285714,36.996428571428574,17.09357142857143
1937-12-31,8.3252,31.43,-95.34777178378464,-68.59380055529891,103.67297178378463,100.02380055529892,18.249203571428573,-9.924003571428573,27.770714285714288,3.659285714285712
1938-01-31,15.7159,27.35,-87.97938898755488,-72.73189395593036,103.69528898755489,100.08189395593035,17.96502142857143,-2.2491214285714296,23.529642857142864,3.8203571428571372
1938-02-28,33.2157,24.49,-70.50190619132515,-75.6499873565618,103.71760619132515,100.13998735656179,48.651389285714295,-15.435689285714297,22.438571428571425,2.0514285714285734
1938-03-31,203.5698,28.06,99.8298766049046,-72.13808075719322,103.73992339509539,100.19808075719322,93.60740357142856,109.96239642857142,24.64964285714285,3.4103571428571477
1938-04-30,66.403,42.76,-37.35924059886564,-57.49617415782466,103.76224059886565,100.25617415782466,124.23309642857141,-57.83009642857141,40.27535714285714,2.484642857142859
1938-05-31,281.2146,129.41,177.43004219736412,29.095732441543902,103.7845578026359,100.3142675584561,152.41646071428573,128.79813928571429,136.9525,-7.54249999999999
1938-06-30,372.6497,379.45,268.8428249935938,279.07763904091246,103.80687500640619,100.37236095908753,172.05925357142857,200.59044642857143,303.5464285714285,75.90357142857147
1938-07-31,341.7844,339.8,237.9552077898236,239.36954564028105,103.82919221017642,100.43045435971896,214.74892499999996,127.03547500000005,310.77821428571434,29.02178571428567
1938-08-31,461.8478,148.38,357.99629058605336,47.89145223964961,103.85150941394664,100.48854776035039,224.08842857142858,237.75937142857143,191.23035714285714,-42.85035714285715
1938-09-30,278.8077,111.85,174.93387338228308,11.303358839018173,103.87382661771693,100.54664116098182,134.5808857142857,144.2268142857143,100.69678571428571,11.153214285714284
1938-10-31,59.4937,54.65,-44.402443821487175,-45.95473456161326,103.89614382148717,100.60473456161326,45.93498214285715,13.558717857142845,57.05857142857143,-2.4085714285714346
1938-11-30,16.2822,30.3,-87.63626102525743,-70.3628279622447,103.91846102525743,100.66282796224469,26.597610714285715,-10.315410714285715,36.996428571428574,-6.696428571428573
1938-12-31,13.762,24.89,-90.17877822902769,-75.83092136287613,103.94077822902769,100.72092136287613,18.249203571428573,-4.487203571428573,27.770714285714288,-2.880714285714287
1939-01-31,19.3404,23.19,-84.62269543279794,-77.58901476350756,103.96309543279794,100.77901476350756,17.96502142857143,1.3753785714285698,23.529642857142864,-0.3396428571428629
1939-02-28,26.901,19.03,-77.08441263656819,-81.807108164139,103.98541263656819,100.837108164139,48.651389285714295,-21.750389285714295,22.438571428571425,-3.408571428571424
1939-03-31,28.0054,21.86,-76.00232984033843,-79.03520156477043,104.00772984033844,100.89520156477043,93.60740357142856,-65.60200357142855,24.64964285714285,-2.7896428571428515
1939-04-30,30.6388,39.36,-73.3912470441087,-61.59329496540187,104.0300470441087,100.95329496540187,124.23309642857141,-93.59429642857141,40.27535714285714,-0.9153571428571396
1939-05-31,43.7779,156.31,-60.27446424787895,55.2986116339667,104.05236424787896,101.0113883660333,152.41646071428573,-108.63856071428573,136.9525,19.357500000000016
1939-06-30,108.7367,220.02,4.662018548350787,118.95051823333527,104.07468145164921,101.06948176666474,172.05925357142857,-63.32255357142857,303.5464285714285,-83.52642857142851
1939-07-31,147.3326,286.0,43.23560134458056,184.8724248327038,104.09699865541945,101.12757516729619,214.74892499999996,-67.41632499999994,310.77821428571434,-24.77821428571434
1939-08-31,73.1424,203.88,-30.976915859189717,102.6943314320724,104.11931585918971,101.18566856792759,224.08842857142858,-150.9460285714286,191.23035714285714,12.649642857142851
1939-09-30,22.2004,90.33,-81.94123306295997,-10.91376196855903,104.14163306295997,101.24376196855903,134.5808857142857,-112.3804857142857,100.69678571428571,-10.366785714285712
1939-10-31,4.6723,66.26,-99.49165026673023,-35.04185536919046,104.16395026673024,101.30185536919046,45.93498214285715,-41.26268214285715,57.05857142857143,9.201428571428572
1939-11-30,3.0016,50.12,-101.18466747050049,-51.2399487698219,104.18626747050048,101.3599487698219,26.597610714285715,-23.596010714285715,36.996428571428574,13.123571428571424
1939-12-31,3.0582,34.83,-101.15038467427073,-66.58804217045333,104.20858467427072,101.41804217045333,18.249203571428573,-15.191003571428574,27.770714285714288,7.059285714285711
1940-01-31,12.9691,21.44,-91.26180187804098,-80.03613557108477,104.23090187804098,101.47613557108477,17.96502142857143,-4.99592142857143,23.529642857142864,-2.089642857142863
1940-02-29,14.6115,22.68,-89.64171908181123,-78.8542289717162,104.25321908181124,101.5342289717162,48.651389285714295,-34.039889285714295,22.438571428571425,0.24142857142857466
1940-03-31,19.5669,27.64,-84.70863628558149,-73.95232237234764,104.2755362855815,101.59232237234764,93.60740357142856,-74.04050357142856,24.64964285714285,2.9903571428571496
1940-04-30,220.8148,35.11,116.51694651064824,-66.54041577297907,104.29785348935175,101.65041577297907,124.23309642857141,96.58170357142858,40.27535714285714,-5.16535714285714
1940-05-31,301.5745,137.62,197.254329306878,35.911490826389496,104.32017069312201,101.70850917361051,152.41646071428573,149.15803928571427,136.9525,0.6675000000000182
1940-06-30,390.2062,268.16,285.8637121031078,166.39339742575808,104.34248789689224,101.76660257424194,172.05925357142857,218.14694642857145,303.5464285714285,-35.386428571428496
1940-07-31,295.9111,256.55,191.54629489933745,154.72530402512663,104.36480510066252,101.82469597487338,214.74892499999996,81.16217500000002,310.77821428571434,-54.22821428571433
1940-08-31,227.6675,168.77,123.28037769556722,66.8872106244952,104.38712230443276,101.88278937550481,224.08842857142858,3.5790714285714103,191.23035714285714,-22.460357142857134
1940-09-30,91.5484,120.35,-12.86103950820302,18.409117223863745,104.40943950820302,101.94088277613625,134.5808857142857,-43.0324857142857,100.69678571428571,19.653214285714284
1940-10-31,20.7846,66.26,-83.64715671197328,-35.73897617676768,104.43175671197328,101.99897617676768,45.93498214285715,-25.15038214285715,57.05857142857143,9.201428571428572
1940-11-30,10.9586,32.85,-93.49547391574352,-69.2070695773991,104.45407391574352,102.05706957739909,26.597610714285715,-15.639010714285714,36.996428571428574,-4.146428571428572
1940-12-31,11.6099,28.6,-92.86649111951378,-73.51516297803053,104.47639111951378,102.11516297803053,18.249203571428573,-6.639303571428574,27.770714285714288,0.8292857142857137
1941-01-31,11.9214,21.83,-92.57730832328403,-80.34325637866198,104.49870832328403,102.17325637866197,17.96502142857143,-6.043621428571429,23.529642857142864,-1.699642857142866
1941-02-28,26.6462,18.35,-77.8748255270543,-83.8813497792934,104.52102552705429,102.2313497792934,48.651389285714295,-22.005189285714295,22.438571428571425,-4.088571428571424
1941-03-31,121.7341,25.15,17.19075726917545,-77.13944317992485,104.54334273082455,102.28944317992486,93.60740357142856,28.126696428571435,24.64964285714285,0.5003571428571476
1941-04-30,165.512,37.94,60.946340065405195,-64.40753658055628,104.5656599345948,102.34753658055628,124.23309642857141,41.278903571428586,40.27535714285714,-2.3353571428571414
1941-05-31,247.2344,99.96,142.64642286163496,-2.4456299811877216,104.58797713836503,102.40562998118772,152.41646071428573,94.81793928571426,136.9525,-36.99249999999999
1941-06-30,212.4047,206.71,107.79440565786469,104.24627661818086,104.6102943421353,102.46372338181915,172.05925357142857,40.34544642857142,303.5464285714285,-96.83642857142851
1941-07-31,214.9532,217.19,110.32058845409445,114.66818321754941,104.63261154590556,102.52181678245059,214.74892499999996,0.2042750000000524,310.77821428571434,-93.58821428571434
1941-08-31,323.6616,152.06,219.0066712503242,49.48008981691798,104.65492874967583,102.57991018308202,224.08842857142858,99.57317142857144,191.23035714285714,-39.17035714285714
1941-09-30,131.3619,74.47,26.684654046553916,-28.168003583713457,104.67724595344608,102.63800358371346,134.5808857142857,-3.218985714285708,100.69678571428571,-26.22678571428571
1941-10-31,37.3499,52.1,-67.34966315721633,-50.59609698434489,104.69956315721632,102.69609698434489,45.93498214285715,-8.585082142857154,57.05857142857143,-4.958571428571432
1941-11-30,12.9974,36.53,-91.72448036098658,-66.22419038497632,104.72188036098657,102.75419038497633,26.597610714285715,-13.600210714285714,36.996428571428574,-0.4664285714285725
1941-12-31,10.0242,31.15,-94.71999756475682,-71.66228378560774,104.74419756475683,102.81228378560775,18.249203571428573,-8.225003571428573,27.770714285714288,3.379285714285711
1942-01-31,13.4505,22.82,-91.31601476852708,-80.05037718623919,104.76651476852709,102.87037718623918,17.96502142857143,-4.514521428571429,23.529642857142864,-0.7096428571428639
1942-02-28,30.4689,23.02,-74.31993197229734,-79.90847058687062,104.78883197229734,102.92847058687062,48.651389285714295,-18.182489285714293,22.438571428571425,0.5814285714285745
1942-03-31,154.695,24.83,49.883850823932406,-78.15656398750205,104.81114917606759,102.98656398750205,93.60740357142856,61.08759642857143,24.64964285714285,0.18035714285714732
1942-04-30,274.2487,33.98,169.41523362016216,-69.0646573881335,104.83346637983783,103.04465738813349,124.23309642857141,150.01560357142858,40.27535714285714,-6.295357142857142
1942-05-31,292.2299,118.65,187.37411641639187,15.547249211235084,104.85578358360812,103.10275078876492,152.41646071428573,139.81343928571425,136.9525,-18.30249999999998
1942-06-30,140.31,258.53,35.431899212621644,155.36915581060362,104.87810078737836,103.16084418939636,172.05925357142857,-31.749253571428568,303.5464285714285,-45.01642857142855
1942-07-31,297.6101,319.98,192.70968200885136,216.76106240997223,104.90041799114863,103.21893759002779,214.74892499999996,82.86117500000003,310.77821428571434,9.201785714285677
1942-08-31,328.7586,209.83,223.83586480508114,106.55296900934079,104.92273519491886,103.27703099065923,224.08842857142858,104.67017142857142,191.23035714285714,18.599642857142868
1942-09-30,259.4673,89.76,154.5222476013109,-13.575124391290657,104.94505239868911,103.33512439129066,134.5808857142857,124.88641428571432,100.69678571428571,-10.936785714285705
1942-10-31,68.0171,53.52,-36.95026960245937,-49.873217791922094,104.96736960245937,103.3932177919221,45.93498214285715,22.082117857142848,57.05857142857143,-3.53857142857143
1942-11-30,15.3194,32.85,-89.67028680622963,-70.60131119255354,104.98968680622963,103.45131119255353,26.597610714285715,-11.278210714285715,36.996428571428574,-4.146428571428572
1942-12-31,10.7038,26.67,-94.30820400999988,-76.83940459318497,105.01200400999988,103.50940459318497,18.249203571428573,-7.545403571428574,27.770714285714288,-1.100714285714286
1943-01-31,10.1941,21.55,-94.84022121377014,-82.0174979938164,105.03432121377014,103.5674979938164,17.96502142857143,-7.7709214285714285,23.529642857142864,-1.9796428571428635
1943-02-28,77.4749,21.01,-27.58173841754038,-82.61559139444783,105.05663841754038,103.62559139444784,48.651389285714295,28.82351071428571,22.438571428571425,-1.4285714285714235
1943-03-31,134.7033,26.19,29.624344378689372,-77.49368479507928,105.07895562131064,103.68368479507927,93.60740357142856,41.09589642857145,24.64964285714285,1.5403571428571503
1943-04-30,325.0774,65.13,219.9761271749191,-38.6117781957107,105.10127282508091,103.7417781957107,124.23309642857141,200.8443035714286,40.27535714285714,24.854642857142856
1943-05-31,199.6904,88.35,94.56680997114886,-15.449871596342135,105.12359002885115,103.79987159634213,152.41646071428573,47.27393928571428,136.9525,-48.60249999999999
1943-06-30,435.5132,194.54,330.36729276737856,90.68203500302643,105.14590723262143,103.85796499697356,172.05925357142857,263.4539464285714,303.5464285714285,-109.00642857142853
1943-07-31,284.8675,334.14,179.69927556360835,230.22394160239497,105.16822443639165,103.91605839760501,214.74892499999996,70.11857500000005,310.77821428571434,23.361785714285645
1943-08-31,202.2106,215.77,97.02005835983809,111.79584820176358,105.19054164016191,103.97415179823643,224.08842857142858,-21.87782857142858,191.23035714285714,24.539642857142866
1943-09-30,122.8102,80.14,17.597341156067827,-23.89224519886787,105.21285884393217,104.03224519886787,134.5808857142857,-11.770685714285705,100.69678571428571,-20.55678571428571
1943-10-31,36.0473,51.54,-69.18787604770242,-52.550338599499305,105.23517604770242,104.0903385994993,45.93498214285715,-9.887682142857152,57.05857142857143,-5.518571428571434
1943-11-30,9.9109,29.45,-95.34659325147268,-74.69843200013074,105.25749325147268,104.14843200013074,26.597610714285715,-16.686710714285717,36.996428571428574,-7.546428571428574
1943-12-31,7.0226,23.33,-98.25721045524294,-80.87652540076218,105.27981045524294,104.20652540076217,18.249203571428573,-11.226603571428573,27.770714285714288,-4.440714285714289
1944-01-31,12.0913,20.1,-93.21082765901318,-84.1646188013936,105.30212765901318,104.2646188013936,17.96502142857143,-5.873721428571429,23.529642857142864,-3.4296428571428628
1944-02-29,17.3865,19.43,-87.93794486278344,-84.89271220202505,105.32444486278344,104.32271220202506,48.651389285714295,-31.264889285714293,22.438571428571425,-3.0085714285714253
1944-03-31,22.0871,20.08,-83.25966206655369,-84.30080560265648,105.34676206655368,104.38080560265648,93.60740357142856,-71.52030357142857,24.64964285714285,-4.569642857142853
1944-04-30,35.3111,27.33,-70.05797927032395,-77.10889900328792,105.36907927032397,104.43889900328791,124.23309642857141,-88.92199642857142,40.27535714285714,-12.94535714285714
1944-05-31,79.1739,87.5,-26.217496474094204,-16.996992403919336,105.39139647409421,104.49699240391934,152.41646071428573,-73.24256071428573,136.9525,-49.452499999999986
1944-06-30,115.023,220.31,9.609286322135546,115.75491419544923,105.41371367786445,104.55508580455077,172.05925357142857,-57.036253571428574,303.5464285714285,-83.23642857142852
1944-07-31,108.1421,172.17,2.706069118365292,67.55682079481778,105.43603088163471,104.6131792051822,214.74892499999996,-106.60682499999996,310.77821428571434,-138.60821428571435
1944-08-31,212.2914,156.03,106.83305191459505,51.35872739418636,105.45834808540496,104.67127260581364,224.08842857142858,-11.79702857142857,191.23035714285714,-35.20035714285714
1944-09-30,88.2636,91.75,-17.217065289175224,-12.979366006445076,105.48066528917522,104.72936600644508,134.5808857142857,-46.3172857142857,100.69678571428571,-8.94678571428571
1944-10-31,17.8962,53.52,-87.60678249294548,-51.26745940707651,105.50298249294548,104.78745940707651,45.93498214285715,-28.03878214285715,57.05857142857143,-3.53857142857143
1944-11-30,6.0881,34.55,-99.43719969671572,-70.29555280770795,105.52529969671572,104.84555280770795,26.597610714285715,-20.509510714285714,36.996428571428574,-2.4464285714285765
1944-12-31,6.343,19.91,-99.20461690048597,-84.99364620833938,105.54761690048598,104.90364620833938,18.249203571428573,-11.906203571428573,27.770714285714288,-7.8607142857142875
1945-01-31,12.6859,17.05,-92.88403410425623,-87.91173960897082,105.56993410425623,104.96173960897082,17.96502142857143,-5.279121428571429,23.529642857142864,-6.4796428571428635
1945-02-28,61.6741,17.02,-43.91815130802649,-87.99983300960226,105.59225130802649,105.01983300960225,48.651389285714295,13.022710714285708,22.438571428571425,-5.4185714285714255
1945-03-31,65.6101,16.88,-40.004468511796745,-88.19792641023369,105.61456851179675,105.07792641023369,93.60740357142856,-27.99730357142856,24.64964285714285,-7.769642857142852
1945-04-30,51.3384,22.14,-54.29848571556699,-82.99601981086512,105.63688571556699,105.13601981086512,124.23309642857141,-72.89469642857142,40.27535714285714,-18.13535714285714
1945-05-31,288.8319,66.83,183.17269708066277,-38.36411321149656,105.65920291933725,105.19411321149656,152.41646071428573,136.41543928571429,136.9525,-70.12249999999999
1945-06-30,119.3272,210.96,13.645679876892501,105.70779338787202,105.6815201231075,105.25220661212799,172.05925357142857,-52.732053571428565,303.5464285714285,-92.58642857142851
1945-07-31,194.3952,242.96,88.69136267312223,137.64969998724058,105.70383732687776,105.31030001275943,214.74892499999996,-20.35372499999997,310.77821428571434,-67.81821428571433
1945-08-31,253.1526,150.08,147.426445469352,44.71160658660915,105.72615453064802,105.36839341339086,224.08842857142858,29.064171428571427,191.23035714285714,-41.15035714285713
1945-09-30,129.493,74.47,23.74452826558172,-30.956486814022284,105.74847173441827,105.42648681402228,134.5808857142857,-5.087885714285704,100.69678571428571,-26.22678571428571
1945-10-31,29.7893,41.34,-75.98148893818852,-64.14458021465371,105.77078893818852,105.48458021465372,45.93498214285715,-16.14568214285715,57.05857142857143,-15.71857142857143
1945-11-30,7.6455,30.3,-98.14760614195878,-75.24267361528516,105.79310614195877,105.54267361528515,26.597610714285715,-18.952110714285716,36.996428571428574,-6.696428571428573
1945-12-31,7.5889,18.32,-98.22652334572903,-87.28076701591658,105.81542334572903,105.60076701591657,18.249203571428573,-10.660303571428575,27.770714285714288,-9.450714285714287
1946-01-31,18.7741,14.19,-87.06364054949928,-91.46886041654803,105.83774054949929,105.65886041654802,17.96502142857143,0.8090785714285715,23.529642857142864,-9.339642857142865
1946-02-28,72.8876,16.48,-32.97245775326954,-89.23695381717945,105.86005775326954,105.71695381717946,48.651389285714295,24.23621071428571,22.438571428571425,-5.958571428571425
1946-03-31,248.9617,24.95,143.07932504296022,-80.82504721781089,105.88237495703979,105.7750472178109,93.60740357142856,155.35429642857144,24.64964285714285,0.3003571428571483
1946-04-30,141.0462,33.7,35.141507839189956,-72.13314061844233,105.90469216081004,105.83314061844233,124.23309642857141,16.813103571428584,40.27535714285714,-6.575357142857136
1946-05-31,77.1068,164.52,-28.820209364580293,58.62876598092625,105.9270093645803,105.89123401907376,152.41646071428573,-75.30966071428573,136.9525,27.567500000000024
1946-06-30,157.8381,334.14,51.88877343164944,228.1906725802948,105.94932656835056,105.94932741970518,172.05925357142857,-14.221153571428573,303.5464285714285,30.593571428571465
1946-07-31,242.2223,308.65,136.25065622787918,202.64257917966336,105.97164377212081,106.00742082033662,214.74892499999996,27.473375000000033,310.77821428571434,-2.128214285714364
1946-08-31,246.1301,189.72,140.13613902410893,83.65448577903193,105.99396097589107,106.06551422096807,224.08842857142858,22.04167142857142,191.23035714285714,-1.5103571428571456
1946-09-30,91.8315,114.12,-14.184778179661308,7.996392378400515,106.01627817966131,106.12360762159949,134.5808857142857,-42.749385714285694,100.69678571428571,13.423214285714295
1946-10-31,21.3226,50.69,-84.71599538343156,-55.49170102223093,106.03859538343156,106.18170102223092,45.93498214285715,-24.61238214285715,57.05857142857143,-6.368571428571435
1946-11-30,8.2119,30.02,-97.84901258720183,-76.21979442286236,106.06091258720183,106.23979442286236,26.597610714285715,-18.385710714285715,36.996428571428574,-6.976428571428574
1946-12-31,10.6471,24.55,-95.43612979097209,-81.7478878234938,106.08322979097208,106.2978878234938,18.249203571428573,-7.602103571428573,27.770714285714288,-3.220714285714287
1947-01-31,15.7725,24.44,-90.33304699474235,-81.91598122412523,106.10554699474235,106.35598122412523,17.96502142857143,-2.1925214285714283,23.529642857142864,0.9103571428571371
1947-02-28,47.3458,24.27,-58.782064198512586,-82.14407462475667,106.12786419851258,106.41407462475667,48.651389285714295,-1.3055892857142979,22.438571428571425,1.8314285714285745
1947-03-31,47.2891,28.6,-58.86108140228284,-77.8721680253881,106.15018140228284,106.4721680253881,93.60740357142856,-46.318303571428565,24.64964285714285,3.9503571428571504
1947-04-30,29.8743,51.25,-76.29819860605309,-55.280261426019536,106.1724986060531,106.53026142601954,124.23309642857141,-94.35879642857141,40.27535714285714,10.974642857142861
1947-05-31,88.6317,188.87,-17.56311580982336,82.28164517334903,106.19481580982335,106.58835482665097,152.41646071428573,-63.78476071428574,136.9525,51.91750000000002
1947-06-30,135.751,325.64,29.533866986406395,218.99355177271758,106.21713301359361,106.6464482272824,172.05925357142857,-36.308253571428565,303.5464285714285,22.093571428571465
1947-07-31,135.3545,311.49,29.11504978263615,204.78545837208617,106.23945021736385,106.70454162791384,214.74892499999996,-79.39442499999996,310.77821428571434,0.7117857142856678
1947-08-31,111.4551,167.92,5.193332578865892,61.15736497145471,106.26176742113411,106.76263502854528,224.08842857142858,-112.63332857142858,191.23035714285714,-23.310357142857157
1947-09-30,41.1161,97.98,-65.16798462490436,-8.840728429176707,106.28408462490437,106.82072842917671,134.5808857142857,-93.4647857142857,100.69678571428571,-2.716785714285706
1947-10-31,7.7022,78.15,-98.60420182867462,-28.72882182980814,106.30640182867462,106.87882182980815,45.93498214285715,-38.232782142857154,57.05857142857143,21.091428571428573
1947-11-30,5.0687,43.89,-101.26001903244489,-63.04691523043958,106.3287190324449,106.93691523043958,26.597610714285715,-21.528910714285715,36.996428571428574,6.893571428571427
1947-12-31,4.2192,29.45,-102.13183623621514,-77.54500863107101,106.35103623621514,106.99500863107102,18.249203571428573,-14.030003571428573,27.770714285714288,1.6792857142857116
1948-01-31,22.8234,25.94,-83.54995343998539,-81.11310203170244,106.37335343998538,107.05310203170244,17.96502142857143,4.85837857142857,23.529642857142864,2.410357142857137
1948-02-29,25.117,25.54,-81.27867064375563,-81.57119543233387,106.39567064375564,107.11119543233386,48.651389285714295,-23.534389285714294,22.438571428571425,3.101428571428574
1948-03-31,18.8307,23.59,-87.58728784752589,-83.5792888329653,106.4179878475259,107.16928883296531,93.60740357142856,-74.77670357142856,24.64964285714285,-1.0596428571428511
1948-04-30,81.86399999999998,35.68,-24.576305051296174,-71.54738223359675,106.44030505129615,107.22738223359676,124.23309642857141,-42.36909642857144,40.27535714285714,-4.595357142857139
1948-05-31,41.5691,144.7,-64.89352225506642,37.41452436577181,106.4626222550664,107.28547563422818,152.41646071428573,-110.84736071428574,136.9525,7.747500000000002
1948-06-30,72.8309,455.9,-33.65403945883665,348.55643096514035,106.48493945883665,107.34356903485963,172.05925357142857,-99.22835357142857,303.5464285714285,152.35357142857146
1948-07-31,248.452,274.67,141.9447433373931,167.26833756450895,106.50725666260689,107.40166243549106,214.74892499999996,33.70307500000004,310.77821428571434,-36.108214285714325
1948-08-31,287.6992,180.38,181.16962613362284,72.92024416387751,106.52957386637718,107.45975583612248,224.08842857142858,63.61077142857144,191.23035714285714,-10.850357142857149
1948-09-30,209.0067,92.6,102.45480892985258,-14.917849236753923,106.55189107014742,107.51784923675392,134.5808857142857,74.4258142857143,100.69678571428571,-8.096785714285716
1948-10-31,36.7553,44.46,-69.81890827391769,-63.11594263738535,106.57420827391769,107.57594263738535,45.93498214285715,-9.179682142857153,57.05857142857143,-12.598571428571432
1948-11-30,8.7216,30.02,-97.87492547768792,-77.61403603801679,106.59652547768792,107.63403603801679,26.597610714285715,-17.876010714285712,36.996428571428574,-6.976428571428574
1948-12-31,6.796,24.44,-99.82284268145817,-83.25212943864823,106.61884268145818,107.69212943864822,18.249203571428573,-11.453203571428574,27.770714285714288,-3.3307142857142864
1949-01-31,12.9125,20.73,-93.72865988522844,-87.02022283927965,106.64115988522843,107.75022283927966,17.96502142857143,-5.0525214285714295,23.529642857142864,-2.7996428571428638
1949-02-28,23.8145,17.84,-82.8489770889987,-89.96831623991108,106.66347708899869,107.80831623991108,48.651389285714295,-24.836889285714296,22.438571428571425,-4.598571428571425
1949-03-31,33.6687,20.64,-73.01709429276895,-87.22640964054251,106.68579429276895,107.86640964054251,93.60740357142856,-59.93870357142856,24.64964285714285,-4.00964285714285
1949-04-30,30.6955,35.68,-76.01261149653921,-72.24450304117394,106.7081114965392,107.92450304117395,124.23309642857141,-93.53759642857142,40.27535714285714,-4.595357142857139
1949-05-31,51.6216,152.63,-55.108828700309445,44.64740355819461,106.73042870030945,107.98259644180538,152.41646071428573,-100.79486071428573,136.9525,15.677500000000009
1949-06-30,167.5508,223.42,60.79805409592031,115.37931015756317,106.7527459040797,108.04068984243682,172.05925357142857,-4.508453571428561,303.5464285714285,-80.12642857142853
1949-07-31,241.2879,163.67,134.51283689215006,55.57121675693173,106.77506310784995,108.09878324306825,214.74892499999996,26.53897500000005,310.77821428571434,-147.10821428571435
1949-08-31,238.3146,133.94,131.51721968837978,25.783123356300308,106.79738031162023,108.15687664369969,224.08842857142858,14.226171428571433,191.23035714285714,-57.29035714285715
1949-09-30,73.5955,73.62,-33.22419751539047,-34.59497004433112,106.81969751539047,108.21497004433112,134.5808857142857,-60.9853857142857,100.69678571428571,-27.076785714285705
1949-10-31,10.5056,39.64,-96.33641471916071,-68.63306344496256,106.84201471916072,108.27306344496256,45.93498214285715,-35.42938214285715,57.05857142857143,-17.418571428571433
1949-11-30,5.2103,30.3,-101.65403192293097,-78.031156845594,106.86433192293097,108.331156845594,26.597610714285715,-21.387310714285714,36.996428571428574,-6.696428571428573
1949-12-31,4.6723,20.84,-102.21434912670122,-87.54925024622543,106.88664912670123,108.38925024622543,18.249203571428573,-13.576903571428574,27.770714285714288,-6.930714285714288
1950-01-31,6.9943,15.72,-99.91466633047149,-92.72734364685687,106.90896633047149,108.44734364685687,17.96502142857143,-10.97072142857143,23.529642857142864,-7.8096428571428635
1950-02-28,16.7353,18.21,-90.19598353424175,-90.29543704748829,106.93128353424174,108.5054370474883,48.651389285714295,-31.916089285714296,22.438571428571425,-4.228571428571424
1950-03-31,17.8113,23.64,-89.142300738012,-84.92353044811973,106.953600738012,108.56353044811974,93.60740357142856,-75.79610357142856,24.64964285714285,-1.0096428571428504
1950-04-30,145.8035,29.17,38.82758205821777,-79.45162384875117,106.97591794178224,108.62162384875117,124.23309642857141,21.5704035714286,40.27535714285714,-11.105357142857137
1950-05-31,177.7732,70.79,70.7749648544475,-37.8897172493826,106.9982351455525,108.6797172493826,152.41646071428573,25.35673928571427,136.9525,-66.16249999999998
1950-06-30,159.5655,297.33,52.54494765067723,188.59218934998597,107.02055234932276,108.73781065001401,172.05925357142857,-12.493753571428584,303.5464285714285,-6.216428571428537
1950-07-31,278.9776,416.26,171.934730446907,307.46409594935454,107.042869553093,108.79590405064545,214.74892499999996,64.22867500000004,310.77821428571434,105.48178571428565
1950-08-31,270.9639,218.32,163.89871324313674,109.4660025487231,107.06518675686328,108.8539974512769,224.08842857142858,46.875471428571444,191.23035714285714,27.08964285714285
1950-09-30,151.665,123.74,44.57749603936648,14.827909148091663,107.08750396063351,108.91209085190833,134.5808857142857,17.084114285714293,100.69678571428571,23.043214285714285
1950-10-31,33.8103,53.52,-73.29952116440377,-55.45018425253976,107.10982116440377,108.97018425253977,45.93498214285715,-12.124682142857154,57.05857142857143,-3.53857142857143
1950-11-30,7.9287,32.56,-99.20343836817402,-76.4682776531712,107.13213836817403,109.0282776531712,26.597610714285715,-18.668910714285715,36.996428571428574,-4.436428571428571
1950-12-31,9.5994,29.17,-97.55505557194428,-79.91637105380264,107.15445557194428,109.08637105380264,18.249203571428573,-8.649803571428574,27.770714285714288,1.399285714285714
1951-01-31,26.1081,25.63,-81.06867277571453,-83.51446445443408,107.17677277571454,109.14446445443407,17.96502142857143,8.143078571428571,23.529642857142864,2.100357142857135
1951-02-28,465.8122,25.6,358.61311002051525,-83.6025578550655,107.19908997948477,109.20255785506549,48.651389285714295,417.16081071428573,22.438571428571425,3.1614285714285764
1951-03-31,491.5805,26.5,384.3590928167449,-82.76065125569694,107.22140718325505,109.26065125569694,93.60740357142856,397.9730964285714,24.64964285714285,1.850357142857149
1951-04-30,273.73900000000003,50.4,166.49527561297475,-58.91874465632838,107.24372438702528,109.31874465632838,124.23309642857141,149.50590357142863,40.27535714285714,10.12464285714286
1951-05-31,221.4095,198.78,114.14345840920446,89.40316194304019,107.26604159079555,109.37683805695981,152.41646071428573,68.99303928571427,136.9525,61.827500000000015
1951-06-30,199.3223,288.83,92.0339412054342,179.39506854240875,107.28835879456581,109.43493145759123,172.05925357142857,27.263046428571442,303.5464285714285,-14.716428571428537
1951-07-31,202.2106,404.93,94.89992400166395,295.43697514177734,107.31067599833605,109.49302485822267,214.74892499999996,-12.538324999999958,310.77821428571434,94.15178571428567
1951-08-31,210.4225,242.96,103.0895067978937,133.4088817411459,107.33299320210631,109.5511182588541,224.08842857142858,-13.665928571428566,191.23035714285714,51.72964285714286
1951-09-30,71.047,105.34,-36.30831040587657,-4.269211659485535,107.35531040587657,109.60921165948554,134.5808857142857,-63.5338857142857,100.69678571428571,4.6432142857142935
1951-10-31,17.6414,73.91,-89.73622760964682,-35.75730506011698,107.37762760964682,109.66730506011697,45.93498214285715,-28.29358214285715,57.05857142857143,16.851428571428563
1951-11-30,8.3252,43.32,-99.07474481341708,-66.40539846074842,107.39994481341708,109.72539846074841,26.597610714285715,-18.272410714285712,36.996428571428574,6.323571428571427
1951-12-31,7.7022,31.15,-99.72006201718733,-78.63349186137984,107.42226201718734,109.78349186137984,18.249203571428573,-10.547003571428572,27.770714285714288,3.379285714285711
1952-01-31,19.4254,25.8,-88.01917922095758,-84.04158526201128,107.44457922095758,109.84158526201128,17.96502142857143,1.4603785714285706,23.529642857142864,2.2703571428571365
1952-02-29,53.8303,23.87,-53.636596424727834,-86.02967866264271,107.46689642472784,109.89967866264271,48.651389285714295,5.178910714285706,22.438571428571425,1.431428571428576
1952-03-31,153.9587,24.3,46.4694863715019,-85.65777206327415,107.48921362849809,109.95777206327415,93.60740357142856,60.35129642857143,24.64964285714285,-0.34964285714285026
1952-04-30,256.0126,46.16,148.50106916773166,-63.85586546390559,107.51153083226836,110.01586546390558,124.23309642857141,131.77950357142862,40.27535714285714,5.8846428571428575
1952-05-31,275.4097,157.44,167.8758519639614,47.36604113546298,107.53384803603859,110.07395886453702,152.41646071428573,122.99323928571425,136.9525,20.48750000000001
1952-06-30,231.1221,286.0,123.56593476019114,175.86794773483155,107.55616523980885,110.13205226516845,172.05925357142857,59.06284642857142,303.5464285714285,-17.54642857142852
1952-07-31,389.3567,279.77,281.7782175564209,169.5798543342001,107.5784824435791,110.19014566579989,214.74892499999996,174.60777500000003,310.77821428571434,-31.00821428571436
1952-08-31,515.3667,186.61,407.76590035265065,76.36176093356869,107.60079964734939,110.24823906643132,224.08842857142858,291.27827142857143,191.23035714285714,-4.620357142857131
1952-09-30,314.317,86.65,206.6938831488804,-23.656332467062754,107.62311685111962,110.30633246706276,134.5808857142857,179.7361142857143,100.69678571428571,-14.046785714285704
1952-10-31,109.8127,52.39,2.167265945110131,-57.974425867694194,107.64543405488988,110.3644258676942,45.93498214285715,63.877717857142855,57.05857142857143,-4.668571428571433
1952-11-30,26.0232,27.21,-81.64455125866013,-83.21251926832562,107.66775125866013,110.42251926832563,26.597610714285715,-0.5744107142857153,36.996428571428574,-9.786428571428573
1952-12-31,14.8947,23.84,-92.79536846243037,-86.64061266895705,107.69006846243038,110.48061266895705,18.249203571428573,-3.354503571428573,27.770714285714288,-3.930714285714288
1953-01-31,12.9691,24.61,-94.74328566620063,-85.92870606958849,107.71238566620063,110.53870606958849,17.96502142857143,-4.99592142857143,23.529642857142864,1.0803571428571352
1953-02-28,15.7159,24.47,-92.01880286997088,-86.12679947021992,107.73470286997089,110.59679947021992,48.651389285714295,-32.9354892857143,22.438571428571425,2.031428571428574
1953-03-31,55.2745,24.13,-52.48252007374114,-86.52489287085136,107.75702007374115,110.65489287085136,93.60740357142856,-38.33290357142856,24.64964285714285,-0.519642857142852
1953-04-30,216.2841,25.51,108.50476272248859,-85.20298627148279,107.7793372775114,110.71298627148279,124.23309642857141,92.05100357142858,40.27535714285714,-14.765357142857138
1953-05-31,80.0801,103.64,-27.721554481281643,-7.131079672114225,107.80165448128164,110.77107967211423,152.41646071428573,-72.33636071428573,136.9525,-33.312499999999986
1953-06-30,106.8112,291.66,-1.0127716850519022,180.83082692725435,107.8239716850519,110.82917307274568,172.05925357142857,-65.24805357142857,303.5464285714285,-11.886428571428496
1953-07-31,222.4572,331.31,114.61091111117784,220.4227335266229,107.84628888882216,110.88726647337711,214.74892499999996,7.708275000000043,310.77821428571434,20.53178571428566
1953-08-31,225.2889,195.67,117.4202939074076,84.72464012599146,107.86860609259242,110.94535987400853,224.08842857142858,1.2004714285714329,191.23035714285714,4.439642857142843
1953-09-30,237.9182,92.31,130.02727670363734,-18.693453274639964,107.89092329636267,111.00345327463997,134.5808857142857,103.33731428571431,100.69678571428571,-8.386785714285708
1953-10-31,72.9442,55.5,-34.96904050013292,-55.5615466752714,107.91324050013291,111.0615466752714,45.93498214285715,27.009217857142843,57.05857142857143,-1.5585714285714332
1953-11-30,12.6576,39.93,-95.27795770390317,-71.18964007590282,107.93555770390317,111.11964007590282,26.597610714285715,-13.940010714285714,36.996428571428574,2.933571428571426
1953-12-31,11.44,26.11,-96.51787490767343,-85.06773347653426,107.95787490767343,111.17773347653426,18.249203571428573,-6.809203571428574,27.770714285714288,-1.6607142857142883
1954-01-31,15.8291,25.23,-92.15109211144369,-86.00582687716569,107.98019211144369,111.23582687716569,17.96502142857143,-2.1359214285714287,23.529642857142864,1.7003571428571362
1954-02-28,30.0442,24.72,-77.95830931521394,-86.57392027779713,108.00250931521394,111.29392027779713,48.651389285714295,-18.607189285714295,22.438571428571425,2.281428571428574
1954-03-31,39.8701,25.34,-68.15472651898418,-86.01201367842856,108.02482651898418,111.35201367842856,93.60740357142856,-53.73730357142856,24.64964285714285,0.6903571428571489
1954-04-30,64.704,30.87,-43.34314372275445,-80.54010707906,108.04714372275444,111.41010707906,124.23309642857141,-59.52909642857142,40.27535714285714,-9.405357142857138
1954-05-31,112.2763,146.4,4.206839073475308,34.93179952030857,108.0694609265247,111.46820047969143,152.41646071428573,-40.14016071428573,136.9525,9.44750000000002
1954-06-30,207.9023,351.13,99.81052186970504,239.60370611967713,108.09177813029495,111.52629388032287,172.05925357142857,35.84304642857143,303.5464285714285,47.583571428571474
1954-07-31,260.1186,506.87,152.0045046659348,395.28561271904573,108.11409533406521,111.58438728095427,214.74892499999996,45.36967500000006,310.77821428571434,196.09178571428566
1954-08-31,165.0306,288.83,56.894187462164524,177.18751931841425,108.13641253783547,111.64248068158574,224.08842857142858,-59.05782857142859,191.23035714285714,97.59964285714284
1954-09-30,49.2996,167.35,-58.85912974160571,55.64942591778282,108.15872974160571,111.70057408221717,134.5808857142857,-85.2812857142857,100.69678571428571,66.65321428571428
1954-10-31,12.601,68.24,-95.58004694537597,-43.51866748284861,108.18104694537597,111.75866748284861,45.93498214285715,-33.33398214285715,57.05857142857143,11.181428571428562
1954-11-30,6.881,50.12,-101.32236414914622,-61.696760883480046,108.20336414914622,111.81676088348004,26.597610714285715,-19.716610714285714,36.996428571428574,13.123571428571424
1954-12-31,9.8543,36.53,-98.37138135291649,-75.34485428411148,108.22568135291648,111.87485428411148,18.249203571428573,-8.394903571428573,27.770714285714288,8.759285714285713
1955-01-31,12.2329,24.52,-96.01509855668674,-87.41294768474292,108.24799855668674,111.93294768474291,17.96502142857143,-5.732121428571428,23.529642857142864,0.9903571428571354
1955-02-28,22.0588,24.07,-86.21151576045698,-87.92104108537436,108.27031576045698,111.99104108537435,48.651389285714295,-26.592589285714293,22.438571428571425,1.6314285714285752
1955-03-31,60.8529,20.05,-47.43973296422724,-91.99913448600577,108.29263296422724,112.04913448600577,93.60740357142856,-32.754503571428565,24.64964285714285,-4.59964285714285
1955-04-30,75.5777,33.41,-32.7372501679975,-78.69722788663721,108.3149501679975,112.1072278866372,124.23309642857141,-48.65539642857142,40.27535714285714,-6.8653571428571425
1955-05-31,51.8482,67.68,-56.48906737176775,-44.48532128726863,108.33726737176775,112.16532128726864,152.41646071428573,-100.56826071428574,136.9525,-69.27249999999998
1955-06-30,46.8361,294.5,-61.523484575538006,182.27658531209994,108.35958457553801,112.22341468790006,172.05925357142857,-125.22315357142857,303.5464285714285,-9.046428571428521
1955-07-31,31.4317,396.44,-76.95020177930826,284.1584919114685,108.38190177930827,112.2815080885315,214.74892499999996,-183.31722499999995,310.77821428571434,85.66178571428566
1955-08-31,119.9502,213.51,11.545981016921488,101.17039851083705,108.40421898307851,112.33960148916294,224.08842857142858,-104.13822857142858,191.23035714285714,22.279642857142846
1955-09-30,106.6696,105.62,-1.7569361868487618,-6.777694889794375,108.42653618684876,112.39769488979438,134.5808857142857,-27.911285714285697,100.69678571428571,4.923214285714295
1955-10-31,50.3757,54.65,-58.07315339061902,-57.80578829042582,108.44885339061902,112.45578829042582,45.93498214285715,4.44071785714285,57.05857142857143,-2.4085714285714346
1955-11-30,61.1078,36.53,-47.36337059438928,-75.98388169105725,108.47117059438928,112.51388169105725,26.597610714285715,34.51018928571428,36.996428571428574,-0.4664285714285725
1955-12-31,29.9309,25.4,-78.56258779815954,-87.1719750916887,108.49348779815955,112.5719750916887,18.249203571428573,11.681696428571428,27.770714285714288,-2.370714285714289
1956-01-31,22.7101,25.71,-85.80570500192978,-86.92006849232013,108.51580500192978,112.63006849232013,17.96502142857143,4.7450785714285715,23.529642857142864,2.1803571428571367
1956-02-29,15.5743,21.04,-92.96382220570004,-91.64816189295155,108.53812220570003,112.68816189295154,48.651389285714295,-33.077089285714294,22.438571428571425,-1.398571428571426
1956-03-31,415.9745,22.54,307.4140605905297,-90.20625529358298,108.56043940947029,112.74625529358298,93.60740357142856,322.3670964285714,24.64964285714285,-2.109642857142852
1956-04-30,463.2637,60.31,354.6809433867594,-52.49434869421441,108.58275661324058,112.80434869421441,124.23309642857141,339.03060357142857,40.27535714285714,20.034642857142863
1956-05-31,157.5266,188.87,48.9215261829892,76.00755790515416,108.6050738170108,112.86244209484585,152.41646071428573,5.1101392857142685,136.9525,51.91750000000002
1956-06-30,152.9676,467.23,44.34020897921896,354.30946450452274,108.62739102078105,112.92053549547728,172.05925357142857,-19.091653571428566,303.5464285714285,163.6835714285715
1956-07-31,112.7577,345.47,4.107991775448696,232.4913711038913,108.6497082245513,112.97862889610872,214.74892499999996,-101.99122499999996,310.77821428571434,34.691785714285686
1956-08-31,180.6615,208.7,71.98947457167843,95.66327770325984,108.67202542832156,113.03672229674015,224.08842857142858,-43.42692857142859,191.23035714285714,17.469642857142844
1956-09-30,191.4502,99.68,82.75585736790818,-13.41481569737158,108.69434263209182,113.09481569737159,134.5808857142857,56.869314285714296,100.69678571428571,-1.016785714285703
1956-10-31,120.8563,60.31,12.13964016413793,-52.84290909800302,108.71665983586207,113.15290909800302,45.93498214285715,74.92131785714285,57.05857142857143,3.251428571428569
1956-11-30,112.3613,34.26,3.6223229603676828,-78.95100249863447,108.73897703963232,113.21100249863446,26.597610714285715,85.76368928571429,36.996428571428574,-2.7364285714285757
1956-12-31,66.3464,30.58,-42.41489424340257,-82.6890958992659,108.76129424340257,113.26909589926589,18.249203571428573,48.09719642857143,27.770714285714288,2.8092857142857106
1957-01-31,38.0012,26.25,-70.78241144717283,-87.07718929989733,108.78361144717283,113.32718929989733,17.96502142857143,20.036178571428568,23.529642857142864,2.720357142857136
1957-02-28,55.6992,26.31,-53.10672865094309,-87.07528270052876,108.80592865094309,113.38528270052876,48.651389285714295,7.047810714285703,22.438571428571425,3.8714285714285737
1957-03-31,46.0149,22.14,-62.81334585471335,-91.3033761011602,108.82824585471334,113.4433761011602,93.60740357142856,-47.592503571428566,24.64964285714285,-2.5096428571428504
1957-04-30,32.5361,27.1,-76.3144630584836,-86.40146950179164,108.8505630584836,113.50146950179163,124.23309642857141,-91.69699642857142,40.27535714285714,-13.175357142857138
1957-05-31,47.6289,256.55,-61.24398026225384,142.99043709757694,108.87288026225384,113.55956290242307,152.41646071428573,-104.78756071428573,136.9525,119.59750000000003
1957-06-30,193.1209,370.95,84.2257025339759,257.3323436969455,108.8951974660241,113.6176563030545,172.05925357142857,21.061646428571436,303.5464285714285,67.40357142857147
1957-07-31,93.3323,237.86,-15.585214669794354,124.18425029631408,108.91751466979436,113.67574970368594,214.74892499999996,-121.41662499999995,310.77821428571434,-72.91821428571433
1957-08-31,147.814,139.32,38.87416812643538,25.58615689568262,108.93983187356461,113.73384310431737,224.08842857142858,-76.27442857142859,191.23035714285714,-51.91035714285715
1957-09-30,123.8579,84.67,14.89575092266513,-29.121936504948792,108.96214907733487,113.7919365049488,134.5808857142857,-10.722985714285699,100.69678571428571,-16.026785714285708
1957-10-31,85.9416,61.45,-23.04286628110512,-52.400029905580226,108.98446628110511,113.85002990558023,45.93498214285715,40.00661785714284,57.05857142857143,4.39142857142857
1957-11-30,92.6811,36.81,-16.32568348487537,-77.09812330621166,109.00678348487537,113.90812330621166,26.597610714285715,66.08348928571428,36.996428571428574,-0.1864285714285714
1957-12-31,70.3674,26.59,-38.661700688645624,-87.3762167068431,109.02910068864563,113.9662167068431,18.249203571428573,52.11819642857143,27.770714285714288,-1.1807142857142878
1958-01-31,52.2446,25.88,-56.806817892415886,-88.14431010747454,109.05141789241588,114.02431010747453,17.96502142857143,34.27957857142857,23.529642857142864,2.350357142857135
1958-02-28,62.6086,25.74,-46.46513509618614,-88.34240350810597,109.07373509618614,114.08240350810597,48.651389285714295,13.957210714285708,22.438571428571425,3.3014285714285734
1958-03-31,32.7343,26.14,-76.36175229995641,-88.0004969087374,109.0960522999564,114.1404969087374,93.60740357142856,-60.873103571428565,24.64964285714285,1.4903571428571496
1958-04-30,56.5487,28.88,-52.569669503726644,-85.31859030936884,109.11836950372664,114.19859030936884,124.23309642857141,-67.68439642857142,40.27535714285714,-11.39535714285714
1958-05-31,247.6592,178.11,138.5185132925031,63.85331628999974,109.14068670749691,114.25668371000027,152.41646071428573,95.24273928571426,136.9525,41.15750000000003
1958-06-30,235.936,396.44,126.77299608873285,282.1252228893683,109.16300391126715,114.31477711063172,172.05925357142857,63.87674642857144,303.5464285714285,92.89357142857148
1958-07-31,425.3191,258.82,316.13377888496257,144.44712948873683,109.18532111503742,114.37287051126316,214.74892499999996,210.57017500000003,310.77821428571434,-51.95821428571435
1958-08-31,312.9012,185.48,203.69356168119236,71.04903608810542,109.20763831880765,114.43096391189457,224.08842857142858,88.81277142857144,191.23035714285714,-5.750357142857155
1958-09-30,233.5007,93.16,124.27074447742208,-21.329057312526004,109.22995552257791,114.489057312526,134.5808857142857,98.9198142857143,100.69678571428571,-7.536785714285713
1958-10-31,105.7351,62.58,-3.5171727263481642,-51.96715071315744,109.25227272634817,114.54715071315744,45.93498214285715,59.80011785714285,57.05857142857143,5.521428571428565
1958-11-30,103.1866,28.32,-6.087989930118425,-86.28524411378888,109.27458993011842,114.60524411378887,26.597610714285715,76.58898928571429,36.996428571428574,-8.676428571428573
1958-12-31,89.2547,27.64,-20.04220713388868,-87.0233375144203,109.29690713388868,114.6633375144203,18.249203571428573,71.00549642857143,27.770714285714288,-0.13071428571428712
1959-01-31,45.7034,23.28,-63.615824337658935,-91.44143091505174,109.31922433765894,114.72143091505174,17.96502142857143,27.738378571428573,23.529642857142864,-0.24964285714286305
1959-02-28,44.3159,21.41,-65.02564154142918,-93.36952431568318,109.34154154142918,114.77952431568318,48.651389285714295,-4.335489285714296,22.438571428571425,-1.028571428571425
1959-03-31,43.3248,24.15,-66.03905874519944,-90.6876177163146,109.36385874519945,114.83761771631461,93.60740357142856,-50.28260357142856,24.64964285714285,-0.4996428571428524
1959-04-30,30.6388,35.96,-78.74737594896969,-78.93571111694604,109.3861759489697,114.89571111694605,124.23309642857141,-93.59429642857141,40.27535714285714,-4.315357142857138
1959-05-31,75.4644,141.87,-33.94409315273995,26.916195482422523,109.40849315273995,114.95380451757748,152.41646071428573,-76.95206071428574,136.9525,4.917500000000018
1959-06-30,84.9789,359.62,-24.45191035651021,244.6081020817911,109.43081035651021,115.01189791820892,172.05925357142857,-87.08035357142857,303.5464285714285,56.07357142857148
1959-07-31,33.5555,402.1,-75.89762756028045,287.03000868115964,109.45312756028045,115.06999131884038,214.74892499999996,-181.19342499999996,310.77821428571434,91.32178571428568
1959-08-31,29.8743,232.48,-79.6011447640507,117.3519152805282,109.4754447640507,115.12808471947179,224.08842857142858,-194.21412857142857,191.23035714285714,41.249642857142845
1959-09-30,60.5414,152.63,-48.95636196782096,37.443821879896774,109.49776196782096,115.18617812010322,134.5808857142857,-74.03948571428569,100.69678571428571,51.933214285714286
1959-10-31,115.5044,87.5,5.984320828408784,-27.744271520734657,109.52007917159122,115.24427152073466,45.93498214285715,69.56941785714285,57.05857142857143,30.441428571428567
1959-11-30,94.6915,58.33,-14.850896375361472,-56.97236492136609,109.54239637536148,115.30236492136609,26.597610714285715,68.09388928571428,36.996428571428574,21.333571428571425
1959-12-31,35.481,40.49,-74.08371357913174,-74.87045832199752,109.56471357913173,115.36045832199753,18.249203571428573,17.23179642857143,27.770714285714288,12.719285714285714
1960-01-31,17.8962,33.13,-91.69083078290197,-82.28855172262897,109.58703078290196,115.41855172262896,17.96502142857143,-0.06882142857142881,23.529642857142864,9.600357142857138
1960-02-29,19.4537,28.15,-90.15564798667224,-87.32664512326039,109.60934798667223,115.4766451232604,48.651389285714295,-29.197689285714294,22.438571428571425,5.7114285714285735
1960-03-31,17.4715,36.53,-92.16016519044248,-79.00473852389182,109.63166519044248,115.53473852389182,93.60740357142856,-76.13590357142857,24.64964285714285,11.88035714285715
1960-04-30,16.622,58.33,-93.03198239421275,-57.262831924523255,109.65398239421275,115.59283192452325,124.23309642857141,-107.61109642857141,40.27535714285714,18.05464285714286
1960-05-31,76.3139,97.41,-33.362399597983,-18.24092532515469,109.676299597983,115.65092532515469,152.41646071428573,-76.10256071428573,136.9525,-39.54249999999999
1960-06-30,107.151,274.39,-2.54761680175325,158.68098127421388,109.69861680175325,115.70901872578611,172.05925357142857,-64.90825357142857,303.5464285714285,-29.156428571428535
1960-07-31,89.2264,379.45,-20.494534005523505,263.68288787358244,109.7209340055235,115.76711212641754,214.74892499999996,-125.52252499999996,310.77821428571434,68.67178571428565
1960-08-31,53.8303,184.06,-55.91295120929376,68.23479447295101,109.74325120929376,115.825205527049,224.08842857142858,-170.25812857142859,191.23035714285714,-7.170357142857142
1960-09-30,81.8074,103.07,-27.958168413064016,-12.813298927680435,109.76556841306402,115.88329892768043,134.5808857142857,-52.7734857142857,100.69678571428571,2.3732142857142833
1960-10-31,95.3428,57.77,-14.445085616834277,-58.17139232831186,109.78788561683427,115.94139232831186,45.93498214285715,49.407817857142845,57.05857142857143,0.71142857142857
1960-11-30,67.0543,36.53,-42.75590282060453,-79.4694857289433,109.81020282060453,115.9994857289433,26.597610714285715,40.45668928571428,36.996428571428574,-0.4664285714285725
1960-12-31,34.9713,26.39,-74.86122002437477,-89.66757912957472,109.83252002437477,116.05757912957472,18.249203571428573,16.722096428571426,27.770714285714288,-1.3807142857142871
